Node1,Node2
AP_Anantapur,AP_Chittoor
AP_Anantapur,AP_Kurnool
AP_Anantapur,AP_Y.S.R. Kadapa
AP_Anantapur,KA_Ballari
AP_Anantapur,KA_Chikkaballapura
AP_Anantapur,KA_Chitradurga
AP_Anantapur,KA_Tumakuru
AP_Chittoor,AP_S.P.S. Nellore
AP_Chittoor,AP_Y.S.R. Kadapa
AP_Chittoor,KA_Chikkaballapura
AP_Chittoor,KA_Kolar
AP_Chittoor,TN_Krishnagiri
AP_Chittoor,TN_Thiruvallur
AP_Chittoor,TN_Vellore
AP_East Godavari,AP_Visakhapatnam
AP_East Godavari,AP_West Godavari
AP_East Godavari,CT_Sukma
AP_East Godavari,OR_Malkangiri
AP_East Godavari,TG_Bhadradri Kothagudem
AP_Guntur,AP_Krishna
AP_Guntur,AP_Prakasam
AP_Guntur,TG_Nagarkurnool
AP_Guntur,TG_Nalgonda
AP_Guntur,TG_Suryapet
AP_Krishna,AP_West Godavari
AP_Krishna,TG_Khammam
AP_Krishna,TG_Suryapet
AP_Kurnool,AP_Prakasam
AP_Kurnool,AP_Y.S.R. Kadapa
AP_Kurnool,KA_Ballari
AP_Kurnool,KA_Raichur
AP_Kurnool,TG_Jogulamba Gadwal
AP_Kurnool,TG_Nagarkurnool
AP_Kurnool,TG_Wanaparthy
AP_Prakasam,AP_S.P.S. Nellore
AP_Prakasam,AP_Y.S.R. Kadapa
AP_Prakasam,TG_Nagarkurnool
AP_S.P.S. Nellore,AP_Y.S.R. Kadapa
AP_S.P.S. Nellore,TN_Thiruvallur
AP_Srikakulam,AP_Vizianagaram
AP_Srikakulam,OR_Gajapati
AP_Srikakulam,OR_Ganjam
AP_Srikakulam,OR_Rayagada
AP_Visakhapatnam,AP_Vizianagaram
AP_Visakhapatnam,OR_Koraput
AP_Visakhapatnam,OR_Malkangiri
AP_Vizianagaram,OR_Koraput
AP_Vizianagaram,OR_Rayagada
AP_West Godavari,TG_Bhadradri Kothagudem
AP_West Godavari,TG_Khammam
AR_Anjaw,AR_Changlang
AR_Anjaw,AR_Lohit
AR_Changlang,AR_Lohit
AR_Changlang,AR_Namsai
AR_Changlang,AR_Tirap
AR_Changlang,AS_Tinsukia
AR_East Kameng,AR_Kurung Kumey
AR_East Kameng,AR_Pakke Kessang
AR_East Kameng,AR_Papum Pare
AR_East Kameng,AR_Tawang
AR_East Kameng,AR_West Kameng
AR_East Siang,AR_Lower Dibang Valley
AR_East Siang,AR_Lower Siang
AR_East Siang,AR_Siang
AR_East Siang,AR_Upper Siang
AR_East Siang,AS_Dhemaji
AR_East Siang,AS_Tinsukia
AR_Kamle,AR_Kra Daadi
AR_Kamle,AR_Lower Siang
AR_Kamle,AR_Lower Subansiri
AR_Kamle,AR_Papum Pare
AR_Kamle,AR_Upper Subansiri
AR_Kamle,AS_Dhemaji
AR_Kamle,AS_Lakhimpur
AR_Kra Daadi,AR_Kurung Kumey
AR_Kra Daadi,AR_Lower Subansiri
AR_Kra Daadi,AR_Papum Pare
AR_Kra Daadi,AR_Upper Subansiri
AR_Kurung Kumey,AR_Papum Pare
AR_Kurung Kumey,AR_Upper Subansiri
AR_Lepa Rada,AR_Lower Siang
AR_Lepa Rada,AR_Upper Subansiri
AR_Lepa Rada,AR_West Siang
AR_Lohit,AR_Lower Dibang Valley
AR_Lohit,AR_Namsai
AR_Lohit,AS_Tinsukia
AR_Longding,AR_Tirap
AR_Longding,AS_Charaideo
AR_Longding,AS_Dibrugarh
AR_Longding,NL_Mon
AR_Lower Dibang Valley,AR_Upper Dibang Valley
AR_Lower Dibang Valley,AR_Upper Siang
AR_Lower Dibang Valley,AS_Dhemaji
AR_Lower Dibang Valley,AS_Tinsukia
AR_Lower Siang,AR_Siang
AR_Lower Siang,AR_Upper Subansiri
AR_Lower Siang,AR_West Siang
AR_Lower Siang,AS_Dhemaji
AR_Lower Subansiri,AR_Papum Pare
AR_Namsai,AS_Tinsukia
AR_Pakke Kessang,AR_Papum Pare
AR_Pakke Kessang,AR_West Kameng
AR_Pakke Kessang,AS_Biswanath
AR_Pakke Kessang,AS_Sonitpur
AR_Papum Pare,AS_Biswanath
AR_Papum Pare,AS_Lakhimpur
AR_Shi Yomi,AR_Siang
AR_Shi Yomi,AR_Upper Siang
AR_Shi Yomi,AR_Upper Subansiri
AR_Shi Yomi,AR_West Siang
AR_Siang,AR_Upper Siang
AR_Siang,AR_West Siang
AR_Tawang,AR_West Kameng
AR_Tirap,AS_Dibrugarh
AR_Tirap,AS_Tinsukia
AR_Upper Dibang Valley,AR_Upper Siang
AR_Upper Subansiri,AR_West Siang
AR_West Kameng,AS_Sonitpur
AR_West Kameng,AS_Udalguri
AS_Baksa,AS_Barpeta
AS_Baksa,AS_Chirang
AS_Baksa,AS_Darrang
AS_Baksa,AS_Kamrup
AS_Baksa,AS_Nalbari
AS_Baksa,AS_Udalguri
AS_Barpeta,AS_Bongaigaon
AS_Barpeta,AS_Chirang
AS_Barpeta,AS_Goalpara
AS_Barpeta,AS_Kamrup
AS_Barpeta,AS_Nalbari
AS_Biswanath,AS_Golaghat
AS_Biswanath,AS_Lakhimpur
AS_Biswanath,AS_Nagaon
AS_Biswanath,AS_Sonitpur
AS_Bongaigaon,AS_Chirang
AS_Bongaigaon,AS_Dhubri
AS_Bongaigaon,AS_Goalpara
AS_Bongaigaon,AS_Kokrajhar
AS_Cachar,AS_Dima Hasao
AS_Cachar,AS_Hailakandi
AS_Cachar,AS_Karimganj
AS_Cachar,ML_East Jaintia Hills
AS_Cachar,MN_Jiribam
AS_Cachar,MN_Pherzawl
AS_Cachar,MN_Tamenglong
AS_Cachar,MZ_Aizawl
AS_Cachar,MZ_Kolasib
AS_Charaideo,AS_Dibrugarh
AS_Charaideo,AS_Sivasagar
AS_Charaideo,NL_Mon
AS_Chirang,AS_Kokrajhar
AS_Darrang,AS_Kamrup
AS_Darrang,AS_Kamrup Metropolitan
AS_Darrang,AS_Morigaon
AS_Darrang,AS_Sonitpur
AS_Darrang,AS_Udalguri
AS_Dhemaji,AS_Dibrugarh
AS_Dhemaji,AS_Lakhimpur
AS_Dhemaji,AS_Tinsukia
AS_Dhubri,AS_Goalpara
AS_Dhubri,AS_Kokrajhar
AS_Dhubri,AS_South Salmara Mankachar
AS_Dhubri,WB_Cooch Behar
AS_Dibrugarh,AS_Lakhimpur
AS_Dibrugarh,AS_Majuli
AS_Dibrugarh,AS_Sivasagar
AS_Dibrugarh,AS_Tinsukia
AS_Dima Hasao,AS_Hojai
AS_Dima Hasao,AS_Karbi Anglong
AS_Dima Hasao,AS_West Karbi Anglong
AS_Dima Hasao,ML_East Jaintia Hills
AS_Dima Hasao,ML_West Jaintia Hills
AS_Dima Hasao,MN_Tamenglong
AS_Dima Hasao,NL_Peren
AS_Goalpara,AS_Kamrup
AS_Goalpara,AS_South Salmara Mankachar
AS_Goalpara,ML_North Garo Hills
AS_Goalpara,ML_West Garo Hills
AS_Golaghat,AS_Jorhat
AS_Golaghat,AS_Karbi Anglong
AS_Golaghat,AS_Lakhimpur
AS_Golaghat,AS_Majuli
AS_Golaghat,AS_Nagaon
AS_Golaghat,NL_Dimapur
AS_Golaghat,NL_Kohima
AS_Golaghat,NL_Wokha
AS_Hailakandi,AS_Karimganj
AS_Hailakandi,MZ_Kolasib
AS_Hailakandi,MZ_Mamit
AS_Hojai,AS_Karbi Anglong
AS_Hojai,AS_Nagaon
AS_Hojai,AS_West Karbi Anglong
AS_Jorhat,AS_Majuli
AS_Jorhat,AS_Sivasagar
AS_Jorhat,NL_Mokokchung
AS_Jorhat,NL_Wokha
AS_Kamrup,AS_Kamrup Metropolitan
AS_Kamrup,AS_Nalbari
AS_Kamrup,ML_North Garo Hills
AS_Kamrup,ML_Ribhoi
AS_Kamrup,ML_West Khasi Hills
AS_Kamrup Metropolitan,AS_Morigaon
AS_Kamrup Metropolitan,ML_Ribhoi
AS_Karbi Anglong,AS_Nagaon
AS_Karbi Anglong,NL_Dimapur
AS_Karbi Anglong,NL_Peren
AS_Karimganj,MZ_Mamit
AS_Karimganj,TR_North Tripura
AS_Kokrajhar,WB_Alipurduar
AS_Kokrajhar,WB_Cooch Behar
AS_Lakhimpur,AS_Majuli
AS_Majuli,AS_Sivasagar
AS_Morigaon,AS_Nagaon
AS_Morigaon,AS_Sonitpur
AS_Morigaon,AS_West Karbi Anglong
AS_Morigaon,ML_Ribhoi
AS_Nagaon,AS_Sonitpur
AS_Nagaon,AS_West Karbi Anglong
AS_Sivasagar,NL_Longleng
AS_Sivasagar,NL_Mokokchung
AS_Sivasagar,NL_Mon
AS_Sonitpur,AS_Udalguri
AS_South Salmara Mankachar,ML_North Garo Hills
AS_South Salmara Mankachar,ML_South West Garo Hills
AS_South Salmara Mankachar,ML_West Garo Hills
AS_West Karbi Anglong,ML_Ribhoi
AS_West Karbi Anglong,ML_West Jaintia Hills
BR_Araria,BR_Kishanganj
BR_Araria,BR_Madhepura
BR_Araria,BR_Purnia
BR_Araria,BR_Supaul
BR_Arwal,BR_Aurangabad
BR_Arwal,BR_Bhojpur
BR_Arwal,BR_Gaya
BR_Arwal,BR_Jehanabad
BR_Arwal,BR_Patna
BR_Arwal,BR_Rohtas
BR_Aurangabad,BR_Gaya
BR_Aurangabad,BR_Rohtas
BR_Aurangabad,JH_Palamu
BR_Banka,BR_Bhagalpur
BR_Banka,BR_Jamui
BR_Banka,BR_Munger
BR_Banka,JH_Deoghar
BR_Banka,JH_Dumka
BR_Banka,JH_Godda
BR_Begusarai,BR_Khagaria
BR_Begusarai,BR_Lakhisarai
BR_Begusarai,BR_Munger
BR_Begusarai,BR_Patna
BR_Begusarai,BR_Samastipur
BR_Bhagalpur,BR_Katihar
BR_Bhagalpur,BR_Khagaria
BR_Bhagalpur,BR_Madhepura
BR_Bhagalpur,BR_Munger
BR_Bhagalpur,BR_Purnia
BR_Bhagalpur,JH_Godda
BR_Bhagalpur,JH_Sahibganj
BR_Bhojpur,BR_Buxar
BR_Bhojpur,BR_Patna
BR_Bhojpur,BR_Rohtas
BR_Bhojpur,BR_Saran
BR_Bhojpur,UP_Ballia
BR_Buxar,BR_Kaimur
BR_Buxar,BR_Rohtas
BR_Buxar,UP_Ballia
BR_Buxar,UP_Ghazipur
BR_Darbhanga,BR_Madhubani
BR_Darbhanga,BR_Muzaffarpur
BR_Darbhanga,BR_Saharsa
BR_Darbhanga,BR_Samastipur
BR_Darbhanga,BR_Sitamarhi
BR_East Champaran,BR_Gopalganj
BR_East Champaran,BR_Muzaffarpur
BR_East Champaran,BR_Sheohar
BR_East Champaran,BR_Sitamarhi
BR_East Champaran,BR_West Champaran
BR_Gaya,BR_Jehanabad
BR_Gaya,BR_Nalanda
BR_Gaya,BR_Nawada
BR_Gaya,JH_Chatra
BR_Gaya,JH_Hazaribagh
BR_Gaya,JH_Koderma
BR_Gaya,JH_Palamu
BR_Gopalganj,BR_Muzaffarpur
BR_Gopalganj,BR_Saran
BR_Gopalganj,BR_Siwan
BR_Gopalganj,BR_West Champaran
BR_Gopalganj,UP_Deoria
BR_Gopalganj,UP_Kushinagar
BR_Jamui,BR_Lakhisarai
BR_Jamui,BR_Munger
BR_Jamui,BR_Nawada
BR_Jamui,BR_Sheikhpura
BR_Jamui,JH_Deoghar
BR_Jamui,JH_Giridih
BR_Jehanabad,BR_Nalanda
BR_Jehanabad,BR_Patna
BR_Kaimur,BR_Rohtas
BR_Kaimur,UP_Chandauli
BR_Kaimur,UP_Ghazipur
BR_Kaimur,UP_Sonbhadra
BR_Katihar,BR_Purnia
BR_Katihar,JH_Sahibganj
BR_Katihar,WB_Malda
BR_Katihar,WB_Uttar Dinajpur
BR_Khagaria,BR_Madhepura
BR_Khagaria,BR_Munger
BR_Khagaria,BR_Saharsa
BR_Khagaria,BR_Samastipur
BR_Kishanganj,BR_Purnia
BR_Kishanganj,WB_Darjeeling
BR_Kishanganj,WB_Uttar Dinajpur
BR_Lakhisarai,BR_Munger
BR_Lakhisarai,BR_Nalanda
BR_Lakhisarai,BR_Patna
BR_Lakhisarai,BR_Sheikhpura
BR_Madhepura,BR_Purnia
BR_Madhepura,BR_Saharsa
BR_Madhepura,BR_Supaul
BR_Madhubani,BR_Saharsa
BR_Madhubani,BR_Sitamarhi
BR_Madhubani,BR_Supaul
BR_Muzaffarpur,BR_Samastipur
BR_Muzaffarpur,BR_Saran
BR_Muzaffarpur,BR_Sheohar
BR_Muzaffarpur,BR_Sitamarhi
BR_Muzaffarpur,BR_Vaishali
BR_Nalanda,BR_Nawada
BR_Nalanda,BR_Patna
BR_Nalanda,BR_Sheikhpura
BR_Nawada,BR_Sheikhpura
BR_Nawada,JH_Giridih
BR_Nawada,JH_Koderma
BR_Patna,BR_Samastipur
BR_Patna,BR_Saran
BR_Patna,BR_Vaishali
BR_Purnia,WB_Uttar Dinajpur
BR_Rohtas,JH_Garhwa
BR_Rohtas,JH_Palamu
BR_Rohtas,UP_Sonbhadra
BR_Saharsa,BR_Samastipur
BR_Saharsa,BR_Supaul
BR_Samastipur,BR_Vaishali
BR_Saran,BR_Siwan
BR_Saran,BR_Vaishali
BR_Saran,UP_Ballia
BR_Sheohar,BR_Sitamarhi
BR_Siwan,UP_Ballia
BR_Siwan,UP_Deoria
BR_West Champaran,UP_Kushinagar
BR_West Champaran,UP_Maharajganj
CH_Chandigarh,HR_Panchkula
CH_Chandigarh,PB_S.A.S. Nagar
CT_Balod,CT_Dhamtari
CT_Balod,CT_Durg
CT_Balod,CT_Rajnandgaon
CT_Balod,CT_Uttar Bastar Kanker
CT_Baloda Bazar,CT_Bametara
CT_Baloda Bazar,CT_Bilaspur
CT_Baloda Bazar,CT_Janjgir Champa
CT_Baloda Bazar,CT_Mahasamund
CT_Baloda Bazar,CT_Mungeli
CT_Baloda Bazar,CT_Raigarh
CT_Baloda Bazar,CT_Raipur
CT_Balrampur,CT_Jashpur
CT_Balrampur,CT_Surajpur
CT_Balrampur,CT_Surguja
CT_Balrampur,JH_Garhwa
CT_Balrampur,JH_Gumla
CT_Balrampur,JH_Latehar
CT_Balrampur,MP_Singrauli
CT_Balrampur,UP_Sonbhadra
CT_Bametara,CT_Durg
CT_Bametara,CT_Kabeerdham
CT_Bametara,CT_Mungeli
CT_Bametara,CT_Raipur
CT_Bametara,CT_Rajnandgaon
CT_Bastar,CT_Dakshin Bastar Dantewada
CT_Bastar,CT_Kondagaon
CT_Bastar,CT_Sukma
CT_Bastar,OR_Koraput
CT_Bastar,OR_Malkangiri
CT_Bastar,OR_Nabarangapur
CT_Bijapur,CT_Dakshin Bastar Dantewada
CT_Bijapur,CT_Narayanpur
CT_Bijapur,CT_Sukma
CT_Bijapur,MH_Gadchiroli
CT_Bijapur,TG_Bhadradri Kothagudem
CT_Bijapur,TG_Jayashankar Bhupalapally
CT_Bijapur,TG_Mulugu
CT_Bilaspur,CT_Janjgir Champa
CT_Bilaspur,CT_Korba
CT_Bilaspur,CT_Koriya
CT_Bilaspur,CT_Mungeli
CT_Bilaspur,MP_Anuppur
CT_Dakshin Bastar Dantewada,CT_Kondagaon
CT_Dakshin Bastar Dantewada,CT_Narayanpur
CT_Dakshin Bastar Dantewada,CT_Sukma
CT_Dhamtari,CT_Durg
CT_Dhamtari,CT_Gariaband
CT_Dhamtari,CT_Kondagaon
CT_Dhamtari,CT_Raipur
CT_Dhamtari,CT_Uttar Bastar Kanker
CT_Dhamtari,OR_Nabarangapur
CT_Durg,CT_Raipur
CT_Durg,CT_Rajnandgaon
CT_Gariaband,CT_Mahasamund
CT_Gariaband,CT_Raipur
CT_Gariaband,OR_Kalahandi
CT_Gariaband,OR_Nabarangapur
CT_Gariaband,OR_Nuapada
CT_Janjgir Champa,CT_Korba
CT_Janjgir Champa,CT_Raigarh
CT_Jashpur,CT_Raigarh
CT_Jashpur,CT_Surguja
CT_Jashpur,JH_Gumla
CT_Jashpur,JH_Simdega
CT_Jashpur,OR_Sundargarh
CT_Kabeerdham,CT_Mungeli
CT_Kabeerdham,CT_Rajnandgaon
CT_Kabeerdham,MP_Balaghat
CT_Kabeerdham,MP_Dindori
CT_Kabeerdham,MP_Mandla
CT_Kondagaon,CT_Narayanpur
CT_Kondagaon,CT_Uttar Bastar Kanker
CT_Kondagaon,OR_Nabarangapur
CT_Korba,CT_Koriya
CT_Korba,CT_Raigarh
CT_Korba,CT_Surajpur
CT_Korba,CT_Surguja
CT_Koriya,CT_Surajpur
CT_Koriya,MP_Anuppur
CT_Koriya,MP_Shahdol
CT_Koriya,MP_Sidhi
CT_Koriya,MP_Singrauli
CT_Mahasamund,CT_Raigarh
CT_Mahasamund,CT_Raipur
CT_Mahasamund,OR_Bargarh
CT_Mahasamund,OR_Nuapada
CT_Mungeli,MP_Anuppur
CT_Mungeli,MP_Dindori
CT_Narayanpur,CT_Uttar Bastar Kanker
CT_Narayanpur,MH_Gadchiroli
CT_Raigarh,CT_Surguja
CT_Raigarh,OR_Bargarh
CT_Raigarh,OR_Jharsuguda
CT_Raigarh,OR_Sundargarh
CT_Rajnandgaon,CT_Uttar Bastar Kanker
CT_Rajnandgaon,MH_Gadchiroli
CT_Rajnandgaon,MH_Gondia
CT_Rajnandgaon,MP_Balaghat
CT_Sukma,OR_Malkangiri
CT_Sukma,TG_Bhadradri Kothagudem
CT_Surajpur,CT_Surguja
CT_Surajpur,MP_Singrauli
CT_Uttar Bastar Kanker,MH_Gadchiroli
DL_Delhi,HR_Faridabad
DL_Delhi,HR_Gurugram
DL_Delhi,HR_Jhajjar
DL_Delhi,HR_Sonipat
DL_Delhi,UP_Baghpat
DL_Delhi,UP_Gautam Buddha Nagar
DL_Delhi,UP_Ghaziabad
DN_Dadra and Nagar Haveli,GJ_Valsad
DN_Dadra and Nagar Haveli,MH_Palghar
DN_Daman,GJ_Valsad
DN_Diu,GJ_Gir Somnath
GA_North Goa,GA_South Goa
GA_North Goa,KA_Belagavi
GA_North Goa,KA_Uttara Kannada
GA_North Goa,MH_Sindhudurg
GA_South Goa,KA_Uttara Kannada
GJ_Ahmedabad,GJ_Anand
GJ_Ahmedabad,GJ_Bhavnagar
GJ_Ahmedabad,GJ_Botad
GJ_Ahmedabad,GJ_Gandhinagar
GJ_Ahmedabad,GJ_Kheda
GJ_Ahmedabad,GJ_Mehsana
GJ_Ahmedabad,GJ_Surendranagar
GJ_Amreli,GJ_Bhavnagar
GJ_Amreli,GJ_Botad
GJ_Amreli,GJ_Gir Somnath
GJ_Amreli,GJ_Junagadh
GJ_Amreli,GJ_Rajkot
GJ_Anand,GJ_Bharuch
GJ_Anand,GJ_Kheda
GJ_Anand,GJ_Vadodara
GJ_Aravalli,GJ_Gandhinagar
GJ_Aravalli,GJ_Kheda
GJ_Aravalli,GJ_Mahisagar
GJ_Aravalli,GJ_Sabarkantha
GJ_Aravalli,RJ_Dungarpur
GJ_Aravalli,RJ_Udaipur
GJ_Banaskantha,GJ_Kutch
GJ_Banaskantha,GJ_Mehsana
GJ_Banaskantha,GJ_Patan
GJ_Banaskantha,GJ_Sabarkantha
GJ_Banaskantha,RJ_Jalore
GJ_Banaskantha,RJ_Sirohi
GJ_Bharuch,GJ_Narmada
GJ_Bharuch,GJ_Surat
GJ_Bharuch,GJ_Vadodara
GJ_Bhavnagar,GJ_Botad
GJ_Botad,GJ_Rajkot
GJ_Botad,GJ_Surendranagar
GJ_Chhota Udaipur,GJ_Dahod
GJ_Chhota Udaipur,GJ_Narmada
GJ_Chhota Udaipur,GJ_Panchmahal
GJ_Chhota Udaipur,GJ_Vadodara
GJ_Chhota Udaipur,MH_Nandurbar
GJ_Chhota Udaipur,MP_Alirajpur
GJ_Dahod,GJ_Mahisagar
GJ_Dahod,GJ_Panchmahal
GJ_Dahod,MP_Alirajpur
GJ_Dahod,MP_Jhabua
GJ_Dahod,RJ_Banswara
GJ_Dang,GJ_Navsari
GJ_Dang,GJ_Tapi
GJ_Dang,MH_Dhule
GJ_Dang,MH_Nashik
GJ_Devbhumi Dwarka,GJ_Jamnagar
GJ_Devbhumi Dwarka,GJ_Porbandar
GJ_Gandhinagar,GJ_Kheda
GJ_Gandhinagar,GJ_Mehsana
GJ_Gandhinagar,GJ_Sabarkantha
GJ_Gir Somnath,GJ_Junagadh
GJ_Jamnagar,GJ_Morbi
GJ_Jamnagar,GJ_Porbandar
GJ_Jamnagar,GJ_Rajkot
GJ_Junagadh,GJ_Porbandar
GJ_Junagadh,GJ_Rajkot
GJ_Kheda,GJ_Mahisagar
GJ_Kheda,GJ_Panchmahal
GJ_Kheda,GJ_Vadodara
GJ_Kutch,GJ_Morbi
GJ_Kutch,GJ_Patan
GJ_Kutch,GJ_Surendranagar
GJ_Kutch,RJ_Barmer
GJ_Kutch,RJ_Jalore
GJ_Mahisagar,GJ_Panchmahal
GJ_Mahisagar,RJ_Banswara
GJ_Mahisagar,RJ_Dungarpur
GJ_Mehsana,GJ_Patan
GJ_Mehsana,GJ_Sabarkantha
GJ_Mehsana,GJ_Surendranagar
GJ_Morbi,GJ_Rajkot
GJ_Morbi,GJ_Surendranagar
GJ_Narmada,GJ_Surat
GJ_Narmada,GJ_Tapi
GJ_Narmada,GJ_Vadodara
GJ_Narmada,MH_Nandurbar
GJ_Navsari,GJ_Surat
GJ_Navsari,GJ_Tapi
GJ_Navsari,GJ_Valsad
GJ_Navsari,MH_Nashik
GJ_Panchmahal,GJ_Vadodara
GJ_Patan,GJ_Surendranagar
GJ_Porbandar,GJ_Rajkot
GJ_Rajkot,GJ_Surendranagar
GJ_Sabarkantha,RJ_Sirohi
GJ_Sabarkantha,RJ_Udaipur
GJ_Surat,GJ_Tapi
GJ_Tapi,MH_Dhule
GJ_Tapi,MH_Nandurbar
GJ_Valsad,MH_Nashik
GJ_Valsad,MH_Palghar
HP_Bilaspur,HP_Hamirpur
HP_Bilaspur,HP_Mandi
HP_Bilaspur,HP_Solan
HP_Bilaspur,HP_Una
HP_Bilaspur,PB_Rupnagar
HP_Chamba,HP_Kangra
HP_Chamba,HP_Lahaul and Spiti
HP_Chamba,JK_Doda
HP_Chamba,JK_Kathua
HP_Chamba,JK_Kishtwar
HP_Chamba,PB_Pathankot
HP_Hamirpur,HP_Kangra
HP_Hamirpur,HP_Mandi
HP_Hamirpur,HP_Una
HP_Kangra,HP_Kullu
HP_Kangra,HP_Lahaul and Spiti
HP_Kangra,HP_Mandi
HP_Kangra,HP_Una
HP_Kangra,PB_Gurdaspur
HP_Kangra,PB_Hoshiarpur
HP_Kangra,PB_Pathankot
HP_Kinnaur,HP_Kullu
HP_Kinnaur,HP_Lahaul and Spiti
HP_Kinnaur,HP_Shimla
HP_Kinnaur,UT_Uttarkashi
HP_Kullu,HP_Lahaul and Spiti
HP_Kullu,HP_Mandi
HP_Kullu,HP_Shimla
HP_Lahaul and Spiti,JK_Kishtwar
HP_Lahaul and Spiti,LA_Kargil
HP_Lahaul and Spiti,LA_Leh
HP_Mandi,HP_Shimla
HP_Mandi,HP_Solan
HP_Shimla,HP_Sirmaur
HP_Shimla,HP_Solan
HP_Shimla,UT_Dehradun
HP_Shimla,UT_Uttarkashi
HP_Sirmaur,HP_Solan
HP_Sirmaur,HR_Ambala
HP_Sirmaur,HR_Panchkula
HP_Sirmaur,HR_Yamunanagar
HP_Sirmaur,UP_Saharanpur
HP_Sirmaur,UT_Dehradun
HP_Solan,HR_Panchkula
HP_Solan,PB_Rupnagar
HP_Solan,PB_S.A.S. Nagar
HP_Una,PB_Hoshiarpur
HP_Una,PB_Rupnagar
HR_Ambala,HR_Kurukshetra
HR_Ambala,HR_Panchkula
HR_Ambala,HR_Yamunanagar
HR_Ambala,PB_Patiala
HR_Ambala,PB_S.A.S. Nagar
HR_Bhiwani,HR_Charkhi Dadri
HR_Bhiwani,HR_Hisar
HR_Bhiwani,HR_Mahendragarh
HR_Bhiwani,HR_Rohtak
HR_Bhiwani,RJ_Churu
HR_Bhiwani,RJ_Hanumangarh
HR_Bhiwani,RJ_Jhunjhunu
HR_Charkhi Dadri,HR_Jhajjar
HR_Charkhi Dadri,HR_Mahendragarh
HR_Charkhi Dadri,HR_Rohtak
HR_Faridabad,HR_Gurugram
HR_Faridabad,HR_Palwal
HR_Faridabad,UP_Gautam Buddha Nagar
HR_Fatehabad,HR_Hisar
HR_Fatehabad,HR_Jind
HR_Fatehabad,HR_Sirsa
HR_Fatehabad,PB_Mansa
HR_Fatehabad,PB_Sangrur
HR_Fatehabad,RJ_Hanumangarh
HR_Gurugram,HR_Jhajjar
HR_Gurugram,HR_Nuh
HR_Gurugram,HR_Palwal
HR_Gurugram,HR_Rewari
HR_Hisar,HR_Jind
HR_Hisar,HR_Rohtak
HR_Hisar,RJ_Hanumangarh
HR_Jhajjar,HR_Mahendragarh
HR_Jhajjar,HR_Rewari
HR_Jhajjar,HR_Rohtak
HR_Jhajjar,HR_Sonipat
HR_Jind,HR_Kaithal
HR_Jind,HR_Karnal
HR_Jind,HR_Panipat
HR_Jind,HR_Rohtak
HR_Jind,HR_Sonipat
HR_Jind,PB_Patiala
HR_Jind,PB_Sangrur
HR_Kaithal,HR_Karnal
HR_Kaithal,HR_Kurukshetra
HR_Kaithal,PB_Patiala
HR_Karnal,HR_Kurukshetra
HR_Karnal,HR_Panipat
HR_Karnal,HR_Yamunanagar
HR_Karnal,UP_Saharanpur
HR_Karnal,UP_Shamli
HR_Kurukshetra,HR_Yamunanagar
HR_Kurukshetra,PB_Patiala
HR_Mahendragarh,HR_Rewari
HR_Mahendragarh,RJ_Alwar
HR_Mahendragarh,RJ_Jaipur
HR_Mahendragarh,RJ_Jhunjhunu
HR_Mahendragarh,RJ_Sikar
HR_Nuh,HR_Palwal
HR_Nuh,HR_Rewari
HR_Nuh,RJ_Alwar
HR_Nuh,RJ_Bharatpur
HR_Nuh,UP_Mathura
HR_Palwal,UP_Aligarh
HR_Palwal,UP_Gautam Buddha Nagar
HR_Palwal,UP_Mathura
HR_Panchkula,PB_S.A.S. Nagar
HR_Panipat,HR_Sonipat
HR_Panipat,UP_Baghpat
HR_Panipat,UP_Shamli
HR_Rewari,RJ_Alwar
HR_Rohtak,HR_Sonipat
HR_Sirsa,PB_Bathinda
HR_Sirsa,PB_Mansa
HR_Sirsa,PB_Sri Muktsar Sahib
HR_Sirsa,RJ_Hanumangarh
HR_Sonipat,UP_Baghpat
HR_Yamunanagar,UP_Saharanpur
JH_Bokaro,JH_Dhanbad
JH_Bokaro,JH_Giridih
JH_Bokaro,JH_Hazaribagh
JH_Bokaro,JH_Ramgarh
JH_Bokaro,WB_Purulia
JH_Chatra,JH_Hazaribagh
JH_Chatra,JH_Latehar
JH_Chatra,JH_Palamu
JH_Chatra,JH_Ranchi
JH_Deoghar,JH_Dumka
JH_Deoghar,JH_Giridih
JH_Deoghar,JH_Jamtara
JH_Dhanbad,JH_Giridih
JH_Dhanbad,JH_Jamtara
JH_Dhanbad,WB_Paschim Bardhaman
JH_Dhanbad,WB_Purulia
JH_Dumka,JH_Godda
JH_Dumka,JH_Jamtara
JH_Dumka,JH_Pakur
JH_Dumka,WB_Birbhum
JH_East Singhbhum,OR_Mayurbhanj
JH_East Singhbhum,WB_Jhargram
JH_East Singhbhum,WB_Purulia
JH_Garhwa,JH_Latehar
JH_Garhwa,JH_Palamu
JH_Garhwa,UP_Sonbhadra
JH_Giridih,JH_Hazaribagh
JH_Giridih,JH_Jamtara
JH_Giridih,JH_Koderma
JH_Godda,JH_Pakur
JH_Godda,JH_Sahibganj
JH_Gumla,JH_Khunti
JH_Gumla,JH_Latehar
JH_Gumla,JH_Lohardaga
JH_Gumla,JH_Ranchi
JH_Gumla,JH_Simdega
JH_Hazaribagh,JH_Koderma
JH_Hazaribagh,JH_Ramgarh
JH_Hazaribagh,JH_Ranchi
JH_Jamtara,WB_Birbhum
JH_Jamtara,WB_Paschim Bardhaman
JH_Khunti,JH_Ranchi
JH_Khunti,JH_Simdega
JH_Khunti,JH_West Singhbhum
JH_Latehar,JH_Lohardaga
JH_Latehar,JH_Palamu
JH_Latehar,JH_Ranchi
JH_Lohardaga,JH_Ranchi
JH_Pakur,JH_Sahibganj
JH_Pakur,WB_Birbhum
JH_Pakur,WB_Murshidabad
JH_Ramgarh,JH_Ranchi
JH_Ramgarh,WB_Purulia
JH_Ranchi,WB_Purulia
JH_Sahibganj,WB_Malda
JH_Sahibganj,WB_Murshidabad
JH_Simdega,JH_West Singhbhum
JH_Simdega,OR_Sundargarh
JH_West Singhbhum,OR_Kendujhar
JH_West Singhbhum,OR_Mayurbhanj
JH_West Singhbhum,OR_Sundargarh
JK_Anantnag,JK_Doda
JK_Anantnag,JK_Ganderbal
JK_Anantnag,JK_Kishtwar
JK_Anantnag,JK_Kulgam
JK_Anantnag,JK_Pulwama
JK_Anantnag,JK_Ramban
JK_Anantnag,JK_Shopiyan
JK_Anantnag,JK_Srinagar
JK_Anantnag,LA_Kargil
JK_Bandipora,JK_Baramulla
JK_Bandipora,JK_Ganderbal
JK_Bandipora,JK_Kupwara
JK_Bandipora,JK_Srinagar
JK_Bandipora,LA_Kargil
JK_Baramulla,JK_Budgam
JK_Baramulla,JK_Kupwara
JK_Baramulla,JK_Punch
JK_Baramulla,JK_Srinagar
JK_Budgam,JK_Kulgam
JK_Budgam,JK_Pulwama
JK_Budgam,JK_Punch
JK_Budgam,JK_Shopiyan
JK_Budgam,JK_Srinagar
JK_Doda,JK_Kathua
JK_Doda,JK_Kishtwar
JK_Doda,JK_Ramban
JK_Doda,JK_Udhampur
JK_Ganderbal,JK_Srinagar
JK_Ganderbal,LA_Kargil
JK_Jammu,JK_Rajouri
JK_Jammu,JK_Reasi
JK_Jammu,JK_Samba
JK_Jammu,JK_Udhampur
JK_Kathua,JK_Samba
JK_Kathua,JK_Udhampur
JK_Kathua,PB_Pathankot
JK_Kishtwar,LA_Kargil
JK_Kulgam,JK_Punch
JK_Kulgam,JK_Rajouri
JK_Kulgam,JK_Ramban
JK_Kulgam,JK_Reasi
JK_Kulgam,JK_Shopiyan
JK_Pulwama,JK_Shopiyan
JK_Pulwama,JK_Srinagar
JK_Punch,JK_Rajouri
JK_Punch,JK_Reasi
JK_Rajouri,JK_Reasi
JK_Ramban,JK_Reasi
JK_Ramban,JK_Udhampur
JK_Reasi,JK_Udhampur
JK_Samba,JK_Udhampur
KA_Bagalkote,KA_Belagavi
KA_Bagalkote,KA_Gadag
KA_Bagalkote,KA_Koppal
KA_Bagalkote,KA_Raichur
KA_Bagalkote,KA_Vijayapura
KA_Ballari,KA_Chitradurga
KA_Ballari,KA_Davanagere
KA_Ballari,KA_Gadag
KA_Ballari,KA_Haveri
KA_Ballari,KA_Koppal
KA_Ballari,KA_Raichur
KA_Belagavi,KA_Dharwad
KA_Belagavi,KA_Gadag
KA_Belagavi,KA_Uttara Kannada
KA_Belagavi,KA_Vijayapura
KA_Belagavi,MH_Kolhapur
KA_Belagavi,MH_Sangli
KA_Belagavi,MH_Sindhudurg
KA_Bengaluru Rural,KA_Bengaluru Urban
KA_Bengaluru Rural,KA_Chikkaballapura
KA_Bengaluru Rural,KA_Kolar
KA_Bengaluru Rural,KA_Ramanagara
KA_Bengaluru Rural,KA_Tumakuru
KA_Bengaluru Rural,TN_Krishnagiri
KA_Bengaluru Urban,KA_Ramanagara
KA_Bengaluru Urban,TN_Krishnagiri
KA_Bidar,KA_Kalaburagi
KA_Bidar,MH_Latur
KA_Bidar,MH_Nanded
KA_Bidar,MH_Osmanabad
KA_Bidar,TG_Kamareddy
KA_Bidar,TG_Sangareddy
KA_Chamarajanagara,KA_Mandya
KA_Chamarajanagara,KA_Mysuru
KA_Chamarajanagara,KA_Ramanagara
KA_Chamarajanagara,KL_Wayanad
KA_Chamarajanagara,TN_Dharmapuri
KA_Chamarajanagara,TN_Erode
KA_Chamarajanagara,TN_Krishnagiri
KA_Chamarajanagara,TN_Nilgiris
KA_Chamarajanagara,TN_Salem
KA_Chikkaballapura,KA_Kolar
KA_Chikkaballapura,KA_Tumakuru
KA_Chikkamagaluru,KA_Chitradurga
KA_Chikkamagaluru,KA_Dakshina Kannada
KA_Chikkamagaluru,KA_Davanagere
KA_Chikkamagaluru,KA_Hassan
KA_Chikkamagaluru,KA_Shivamogga
KA_Chikkamagaluru,KA_Tumakuru
KA_Chikkamagaluru,KA_Udupi
KA_Chitradurga,KA_Davanagere
KA_Chitradurga,KA_Tumakuru
KA_Dakshina Kannada,KA_Hassan
KA_Dakshina Kannada,KA_Kodagu
KA_Dakshina Kannada,KA_Udupi
KA_Dakshina Kannada,KL_Kasaragod
KA_Davanagere,KA_Haveri
KA_Davanagere,KA_Shivamogga
KA_Dharwad,KA_Gadag
KA_Dharwad,KA_Haveri
KA_Dharwad,KA_Uttara Kannada
KA_Gadag,KA_Haveri
KA_Gadag,KA_Koppal
KA_Hassan,KA_Kodagu
KA_Hassan,KA_Mandya
KA_Hassan,KA_Mysuru
KA_Hassan,KA_Tumakuru
KA_Haveri,KA_Shivamogga
KA_Haveri,KA_Uttara Kannada
KA_Kalaburagi,KA_Vijayapura
KA_Kalaburagi,KA_Yadgir
KA_Kalaburagi,MH_Osmanabad
KA_Kalaburagi,MH_Solapur
KA_Kalaburagi,TG_Narayanpet
KA_Kalaburagi,TG_Sangareddy
KA_Kalaburagi,TG_Vikarabad
KA_Kodagu,KA_Mysuru
KA_Kodagu,KL_Kannur
KA_Kodagu,KL_Kasaragod
KA_Kodagu,KL_Wayanad
KA_Kolar,TN_Krishnagiri
KA_Koppal,KA_Raichur
KA_Mandya,KA_Mysuru
KA_Mandya,KA_Ramanagara
KA_Mandya,KA_Tumakuru
KA_Mysuru,KL_Wayanad
KA_Raichur,KA_Vijayapura
KA_Raichur,KA_Yadgir
KA_Raichur,TG_Jogulamba Gadwal
KA_Raichur,TG_Narayanpet
KA_Ramanagara,KA_Tumakuru
KA_Ramanagara,TN_Krishnagiri
KA_Shivamogga,KA_Udupi
KA_Shivamogga,KA_Uttara Kannada
KA_Udupi,KA_Uttara Kannada
KA_Vijayapura,KA_Yadgir
KA_Vijayapura,MH_Sangli
KA_Vijayapura,MH_Solapur
KA_Yadgir,TG_Narayanpet
KL_Alappuzha,KL_Ernakulam
KL_Alappuzha,KL_Kollam
KL_Alappuzha,KL_Kottayam
KL_Ernakulam,KL_Idukki
KL_Ernakulam,KL_Kottayam
KL_Ernakulam,KL_Thrissur
KL_Ernakulam,TN_Coimbatore
KL_Idukki,KL_Kottayam
KL_Idukki,TN_Coimbatore
KL_Idukki,TN_Dindigul
KL_Idukki,TN_Theni
KL_Idukki,TN_Tirunelveli
KL_Idukki,TN_Tiruppur
KL_Idukki,TN_Virudhunagar
KL_Kannur,KL_Kasaragod
KL_Kannur,KL_Kozhikode
KL_Kannur,KL_Wayanad
KL_Kannur,PY_Mahe
KL_Kollam,KL_Thiruvananthapuram
KL_Kollam,TN_Tirunelveli
KL_Kozhikode,KL_Malappuram
KL_Kozhikode,KL_Wayanad
KL_Kozhikode,PY_Mahe
KL_Malappuram,KL_Palakkad
KL_Malappuram,KL_Thrissur
KL_Malappuram,KL_Wayanad
KL_Malappuram,TN_Nilgiris
KL_Palakkad,KL_Thrissur
KL_Palakkad,TN_Coimbatore
KL_Palakkad,TN_Nilgiris
KL_Thiruvananthapuram,TN_Kanyakumari
KL_Thiruvananthapuram,TN_Tirunelveli
KL_Thrissur,TN_Coimbatore
KL_Wayanad,TN_Nilgiris
LA_Kargil,LA_Leh
MH_Ahmednagar,MH_Aurangabad
MH_Ahmednagar,MH_Beed
MH_Ahmednagar,MH_Nashik
MH_Ahmednagar,MH_Osmanabad
MH_Ahmednagar,MH_Pune
MH_Ahmednagar,MH_Solapur
MH_Ahmednagar,MH_Thane
MH_Akola,MH_Amravati
MH_Akola,MH_Buldhana
MH_Akola,MH_Washim
MH_Amravati,MH_Buldhana
MH_Amravati,MH_Nagpur
MH_Amravati,MH_Wardha
MH_Amravati,MH_Washim
MH_Amravati,MH_Yavatmal
MH_Amravati,MP_Betul
MH_Amravati,MP_Burhanpur
MH_Amravati,MP_Chhindwara
MH_Amravati,MP_Khandwa
MH_Aurangabad,MH_Beed
MH_Aurangabad,MH_Jalgaon
MH_Aurangabad,MH_Jalna
MH_Aurangabad,MH_Nashik
MH_Beed,MH_Jalna
MH_Beed,MH_Latur
MH_Beed,MH_Osmanabad
MH_Bhandara,MH_Chandrapur
MH_Bhandara,MH_Gadchiroli
MH_Bhandara,MH_Gondia
MH_Bhandara,MH_Nagpur
MH_Bhandara,MP_Balaghat
MH_Buldhana,MH_Jalgaon
MH_Buldhana,MH_Jalna
MH_Buldhana,MH_Washim
MH_Buldhana,MP_Burhanpur
MH_Chandrapur,MH_Gadchiroli
MH_Chandrapur,MH_Nagpur
MH_Chandrapur,MH_Wardha
MH_Chandrapur,MH_Yavatmal
MH_Chandrapur,TG_Adilabad
MH_Chandrapur,TG_Komaram Bheem
MH_Dhule,MH_Jalgaon
MH_Dhule,MH_Nandurbar
MH_Dhule,MH_Nashik
MH_Dhule,MP_Barwani
MH_Gadchiroli,MH_Gondia
MH_Gadchiroli,TG_Jayashankar Bhupalapally
MH_Gadchiroli,TG_Komaram Bheem
MH_Gadchiroli,TG_Mancherial
MH_Gondia,MP_Balaghat
MH_Hingoli,MH_Nanded
MH_Hingoli,MH_Washim
MH_Hingoli,MH_Yavatmal
MH_Jalgaon,MH_Jalna
MH_Jalgaon,MH_Nashik
MH_Jalgaon,MP_Barwani
MH_Jalgaon,MP_Burhanpur
MH_Jalgaon,MP_Khargone
MH_Kolhapur,MH_Ratnagiri
MH_Kolhapur,MH_Sangli
MH_Kolhapur,MH_Sindhudurg
MH_Latur,MH_Nanded
MH_Latur,MH_Osmanabad
MH_Nagpur,MH_Wardha
MH_Nagpur,MP_Balaghat
MH_Nagpur,MP_Chhindwara
MH_Nagpur,MP_Seoni
MH_Nanded,MH_Yavatmal
MH_Nanded,TG_Adilabad
MH_Nanded,TG_Kamareddy
MH_Nanded,TG_Nirmal
MH_Nanded,TG_Nizamabad
MH_Nandurbar,MP_Alirajpur
MH_Nandurbar,MP_Barwani
MH_Nashik,MH_Palghar
MH_Nashik,MH_Thane
MH_Osmanabad,MH_Solapur
MH_Palghar,MH_Thane
MH_Pune,MH_Raigad
MH_Pune,MH_Satara
MH_Pune,MH_Solapur
MH_Pune,MH_Thane
MH_Raigad,MH_Ratnagiri
MH_Raigad,MH_Satara
MH_Raigad,MH_Thane
MH_Ratnagiri,MH_Sangli
MH_Ratnagiri,MH_Satara
MH_Ratnagiri,MH_Sindhudurg
MH_Sangli,MH_Satara
MH_Sangli,MH_Solapur
MH_Satara,MH_Solapur
MH_Wardha,MH_Yavatmal
MH_Washim,MH_Yavatmal
MH_Yavatmal,TG_Adilabad
ML_East Garo Hills,ML_North Garo Hills
ML_East Garo Hills,ML_South Garo Hills
ML_East Garo Hills,ML_West Garo Hills
ML_East Garo Hills,ML_West Khasi Hills
ML_East Jaintia Hills,ML_West Jaintia Hills
ML_East Khasi Hills,ML_Ribhoi
ML_East Khasi Hills,ML_South West Khasi Hills
ML_East Khasi Hills,ML_West Jaintia Hills
ML_East Khasi Hills,ML_West Khasi Hills
ML_North Garo Hills,ML_West Garo Hills
ML_North Garo Hills,ML_West Khasi Hills
ML_Ribhoi,ML_West Jaintia Hills
ML_Ribhoi,ML_West Khasi Hills
ML_South Garo Hills,ML_South West Khasi Hills
ML_South Garo Hills,ML_West Garo Hills
ML_South Garo Hills,ML_West Khasi Hills
ML_South West Garo Hills,ML_West Garo Hills
ML_South West Khasi Hills,ML_West Khasi Hills
MN_Bishnupur,MN_Churachandpur
MN_Bishnupur,MN_Imphal West
MN_Bishnupur,MN_Kakching
MN_Bishnupur,MN_Kangpokpi
MN_Bishnupur,MN_Noney
MN_Chandel,MN_Churachandpur
MN_Chandel,MN_Kakching
MN_Chandel,MN_Tengnoupal
MN_Churachandpur,MN_Kakching
MN_Churachandpur,MN_Noney
MN_Churachandpur,MN_Pherzawl
MN_Imphal East,MN_Imphal West
MN_Imphal East,MN_Kangpokpi
MN_Imphal East,MN_Thoubal
MN_Imphal West,MN_Kakching
MN_Imphal West,MN_Kangpokpi
MN_Imphal West,MN_Thoubal
MN_Jiribam,MN_Noney
MN_Jiribam,MN_Pherzawl
MN_Jiribam,MN_Tamenglong
MN_Kakching,MN_Tengnoupal
MN_Kakching,MN_Thoubal
MN_Kamjong,MN_Kangpokpi
MN_Kamjong,MN_Tengnoupal
MN_Kamjong,MN_Ukhrul
MN_Kangpokpi,MN_Noney
MN_Kangpokpi,MN_Senapati
MN_Kangpokpi,MN_Tamenglong
MN_Kangpokpi,MN_Tengnoupal
MN_Kangpokpi,MN_Thoubal
MN_Kangpokpi,MN_Ukhrul
MN_Noney,MN_Pherzawl
MN_Noney,MN_Tamenglong
MN_Pherzawl,MZ_Aizawl
MN_Pherzawl,MZ_Champhai
MN_Senapati,MN_Tamenglong
MN_Senapati,MN_Ukhrul
MN_Senapati,NL_Kohima
MN_Senapati,NL_Peren
MN_Senapati,NL_Phek
MN_Tamenglong,NL_Peren
MN_Tengnoupal,MN_Thoubal
MN_Ukhrul,NL_Phek
MP_Agar Malwa,MP_Rajgarh
MP_Agar Malwa,MP_Ratlam
MP_Agar Malwa,MP_Shajapur
MP_Agar Malwa,MP_Ujjain
MP_Agar Malwa,RJ_Jhalawar
MP_Alirajpur,MP_Barwani
MP_Alirajpur,MP_Dhar
MP_Alirajpur,MP_Jhabua
MP_Anuppur,MP_Dindori
MP_Anuppur,MP_Shahdol
MP_Anuppur,MP_Umaria
MP_Ashoknagar,MP_Guna
MP_Ashoknagar,MP_Sagar
MP_Ashoknagar,MP_Shivpuri
MP_Ashoknagar,MP_Vidisha
MP_Ashoknagar,UP_Lalitpur
MP_Balaghat,MP_Mandla
MP_Balaghat,MP_Seoni
MP_Barwani,MP_Dhar
MP_Barwani,MP_Khargone
MP_Betul,MP_Chhindwara
MP_Betul,MP_Harda
MP_Betul,MP_Hoshangabad
MP_Betul,MP_Khandwa
MP_Bhind,MP_Datia
MP_Bhind,MP_Gwalior
MP_Bhind,MP_Morena
MP_Bhind,UP_Agra
MP_Bhind,UP_Etawah
MP_Bhind,UP_Jalaun
MP_Bhind,UP_Jhansi
MP_Bhopal,MP_Guna
MP_Bhopal,MP_Raisen
MP_Bhopal,MP_Rajgarh
MP_Bhopal,MP_Sehore
MP_Bhopal,MP_Vidisha
MP_Burhanpur,MP_Khandwa
MP_Burhanpur,MP_Khargone
MP_Chhatarpur,MP_Damoh
MP_Chhatarpur,MP_Panna
MP_Chhatarpur,MP_Sagar
MP_Chhatarpur,MP_Tikamgarh
MP_Chhatarpur,UP_Banda
MP_Chhatarpur,UP_Jhansi
MP_Chhatarpur,UP_Lalitpur
MP_Chhatarpur,UP_Mahoba
MP_Chhindwara,MP_Hoshangabad
MP_Chhindwara,MP_Narsinghpur
MP_Chhindwara,MP_Seoni
MP_Damoh,MP_Jabalpur
MP_Damoh,MP_Katni
MP_Damoh,MP_Narsinghpur
MP_Damoh,MP_Panna
MP_Damoh,MP_Sagar
MP_Datia,MP_Gwalior
MP_Datia,MP_Shivpuri
MP_Datia,UP_Jhansi
MP_Datia,UP_Lalitpur
MP_Dewas,MP_Harda
MP_Dewas,MP_Indore
MP_Dewas,MP_Khandwa
MP_Dewas,MP_Khargone
MP_Dewas,MP_Sehore
MP_Dewas,MP_Shajapur
MP_Dewas,MP_Ujjain
MP_Dhar,MP_Indore
MP_Dhar,MP_Jhabua
MP_Dhar,MP_Khargone
MP_Dhar,MP_Ratlam
MP_Dhar,MP_Ujjain
MP_Dindori,MP_Jabalpur
MP_Dindori,MP_Mandla
MP_Dindori,MP_Umaria
MP_Guna,MP_Rajgarh
MP_Guna,MP_Shivpuri
MP_Guna,MP_Vidisha
MP_Guna,RJ_Baran
MP_Guna,RJ_Jhalawar
MP_Gwalior,MP_Morena
MP_Gwalior,MP_Shivpuri
MP_Harda,MP_Hoshangabad
MP_Harda,MP_Khandwa
MP_Harda,MP_Sehore
MP_Hoshangabad,MP_Narsinghpur
MP_Hoshangabad,MP_Raisen
MP_Hoshangabad,MP_Sehore
MP_Indore,MP_Khargone
MP_Indore,MP_Ujjain
MP_Jabalpur,MP_Katni
MP_Jabalpur,MP_Mandla
MP_Jabalpur,MP_Narsinghpur
MP_Jabalpur,MP_Seoni
MP_Jabalpur,MP_Umaria
MP_Jhabua,MP_Ratlam
MP_Jhabua,RJ_Banswara
MP_Katni,MP_Panna
MP_Katni,MP_Satna
MP_Katni,MP_Umaria
MP_Khandwa,MP_Khargone
MP_Mandla,MP_Seoni
MP_Mandsaur,MP_Neemuch
MP_Mandsaur,MP_Ratlam
MP_Mandsaur,RJ_Chittorgarh
MP_Mandsaur,RJ_Jhalawar
MP_Mandsaur,RJ_Kota
MP_Mandsaur,RJ_Pratapgarh
MP_Morena,MP_Sheopur
MP_Morena,MP_Shivpuri
MP_Morena,RJ_Dholpur
MP_Morena,RJ_Karauli
MP_Morena,UP_Agra
MP_Narsinghpur,MP_Raisen
MP_Narsinghpur,MP_Sagar
MP_Narsinghpur,MP_Seoni
MP_Neemuch,RJ_Bhilwara
MP_Neemuch,RJ_Chittorgarh
MP_Neemuch,RJ_Pratapgarh
MP_Panna,MP_Satna
MP_Panna,UP_Banda
MP_Raisen,MP_Sagar
MP_Raisen,MP_Sehore
MP_Raisen,MP_Vidisha
MP_Rajgarh,MP_Sehore
MP_Rajgarh,MP_Shajapur
MP_Rajgarh,RJ_Jhalawar
MP_Ratlam,MP_Ujjain
MP_Ratlam,RJ_Banswara
MP_Ratlam,RJ_Jhalawar
MP_Ratlam,RJ_Pratapgarh
MP_Rewa,MP_Satna
MP_Rewa,MP_Sidhi
MP_Rewa,MP_Singrauli
MP_Rewa,UP_Chitrakoot
MP_Rewa,UP_Mirzapur
MP_Rewa,UP_Prayagraj
MP_Sagar,MP_Vidisha
MP_Sagar,UP_Lalitpur
MP_Satna,MP_Shahdol
MP_Satna,MP_Sidhi
MP_Satna,MP_Umaria
MP_Satna,UP_Banda
MP_Satna,UP_Chitrakoot
MP_Sehore,MP_Shajapur
MP_Shahdol,MP_Sidhi
MP_Shahdol,MP_Umaria
MP_Shajapur,MP_Ujjain
MP_Sheopur,MP_Shivpuri
MP_Sheopur,RJ_Baran
MP_Sheopur,RJ_Karauli
MP_Sheopur,RJ_Kota
MP_Sheopur,RJ_Sawai Madhopur
MP_Shivpuri,RJ_Baran
MP_Shivpuri,UP_Jhansi
MP_Shivpuri,UP_Lalitpur
MP_Sidhi,MP_Singrauli
MP_Singrauli,UP_Mirzapur
MP_Singrauli,UP_Sonbhadra
MP_Tikamgarh,UP_Jhansi
MP_Tikamgarh,UP_Lalitpur
MZ_Aizawl,MZ_Champhai
MZ_Aizawl,MZ_Kolasib
MZ_Aizawl,MZ_Lunglei
MZ_Aizawl,MZ_Mamit
MZ_Aizawl,MZ_Serchhip
MZ_Champhai,MZ_Serchhip
MZ_Kolasib,MZ_Mamit
MZ_Lawngtlai,MZ_Lunglei
MZ_Lawngtlai,MZ_Saiha
MZ_Lunglei,MZ_Mamit
MZ_Lunglei,MZ_Serchhip
MZ_Mamit,TR_North Tripura
NL_Dimapur,NL_Kohima
NL_Dimapur,NL_Peren
NL_Kiphire,NL_Phek
NL_Kiphire,NL_Tuensang
NL_Kiphire,NL_Zunheboto
NL_Kohima,NL_Peren
NL_Kohima,NL_Phek
NL_Kohima,NL_Wokha
NL_Kohima,NL_Zunheboto
NL_Longleng,NL_Mokokchung
NL_Longleng,NL_Mon
NL_Longleng,NL_Tuensang
NL_Mokokchung,NL_Tuensang
NL_Mokokchung,NL_Wokha
NL_Mokokchung,NL_Zunheboto
NL_Mon,NL_Tuensang
NL_Phek,NL_Zunheboto
NL_Tuensang,NL_Zunheboto
NL_Wokha,NL_Zunheboto
OR_Angul,OR_Boudh
OR_Angul,OR_Cuttack
OR_Angul,OR_Deogarh
OR_Angul,OR_Dhenkanal
OR_Angul,OR_Kendujhar
OR_Angul,OR_Nayagarh
OR_Angul,OR_Sambalpur
OR_Angul,OR_Subarnapur
OR_Angul,OR_Sundargarh
OR_Balangir,OR_Bargarh
OR_Balangir,OR_Boudh
OR_Balangir,OR_Kalahandi
OR_Balangir,OR_Kandhamal
OR_Balangir,OR_Nuapada
OR_Balangir,OR_Subarnapur
OR_Balasore,OR_Bhadrak
OR_Balasore,OR_Kendujhar
OR_Balasore,OR_Mayurbhanj
OR_Balasore,WB_Jhargram
OR_Balasore,WB_Paschim Medinipur
OR_Balasore,WB_Purba Medinipur
OR_Bargarh,OR_Jharsuguda
OR_Bargarh,OR_Nuapada
OR_Bargarh,OR_Sambalpur
OR_Bargarh,OR_Subarnapur
OR_Bhadrak,OR_Jajpur
OR_Bhadrak,OR_Kendrapara
OR_Bhadrak,OR_Kendujhar
OR_Boudh,OR_Kandhamal
OR_Boudh,OR_Nayagarh
OR_Boudh,OR_Subarnapur
OR_Cuttack,OR_Dhenkanal
OR_Cuttack,OR_Jagatsinghpur
OR_Cuttack,OR_Jajpur
OR_Cuttack,OR_Kendrapara
OR_Cuttack,OR_Khordha
OR_Cuttack,OR_Nayagarh
OR_Cuttack,OR_Puri
OR_Deogarh,OR_Sambalpur
OR_Deogarh,OR_Sundargarh
OR_Dhenkanal,OR_Jajpur
OR_Dhenkanal,OR_Kendujhar
OR_Gajapati,OR_Ganjam
OR_Gajapati,OR_Kandhamal
OR_Gajapati,OR_Rayagada
OR_Ganjam,OR_Kandhamal
OR_Ganjam,OR_Khordha
OR_Ganjam,OR_Nayagarh
OR_Ganjam,OR_Puri
OR_Jagatsinghpur,OR_Kendrapara
OR_Jagatsinghpur,OR_Puri
OR_Jajpur,OR_Kendrapara
OR_Jajpur,OR_Kendujhar
OR_Jharsuguda,OR_Sambalpur
OR_Jharsuguda,OR_Sundargarh
OR_Kalahandi,OR_Kandhamal
OR_Kalahandi,OR_Koraput
OR_Kalahandi,OR_Nabarangapur
OR_Kalahandi,OR_Nuapada
OR_Kalahandi,OR_Rayagada
OR_Kandhamal,OR_Nayagarh
OR_Kandhamal,OR_Rayagada
OR_Kendujhar,OR_Mayurbhanj
OR_Kendujhar,OR_Sundargarh
OR_Khordha,OR_Nayagarh
OR_Khordha,OR_Puri
OR_Koraput,OR_Malkangiri
OR_Koraput,OR_Nabarangapur
OR_Koraput,OR_Rayagada
OR_Mayurbhanj,WB_Jhargram
OR_Sambalpur,OR_Subarnapur
OR_Sambalpur,OR_Sundargarh
PB_Amritsar,PB_Gurdaspur
PB_Amritsar,PB_Kapurthala
PB_Amritsar,PB_Tarn Taran
PB_Barnala,PB_Bathinda
PB_Barnala,PB_Ludhiana
PB_Barnala,PB_Mansa
PB_Barnala,PB_Moga
PB_Barnala,PB_Sangrur
PB_Bathinda,PB_Faridkot
PB_Bathinda,PB_Mansa
PB_Bathinda,PB_Moga
PB_Bathinda,PB_Sri Muktsar Sahib
PB_Faridkot,PB_Ferozepur
PB_Faridkot,PB_Moga
PB_Faridkot,PB_Sri Muktsar Sahib
PB_Fatehgarh Sahib,PB_Ludhiana
PB_Fatehgarh Sahib,PB_Patiala
PB_Fatehgarh Sahib,PB_Rupnagar
PB_Fatehgarh Sahib,PB_S.A.S. Nagar
PB_Fatehgarh Sahib,PB_Sangrur
PB_Fazilka,PB_Ferozepur
PB_Fazilka,PB_Sri Muktsar Sahib
PB_Fazilka,RJ_Ganganagar
PB_Fazilka,RJ_Hanumangarh
PB_Ferozepur,PB_Jalandhar
PB_Ferozepur,PB_Kapurthala
PB_Ferozepur,PB_Moga
PB_Ferozepur,PB_Sri Muktsar Sahib
PB_Ferozepur,PB_Tarn Taran
PB_Gurdaspur,PB_Hoshiarpur
PB_Gurdaspur,PB_Kapurthala
PB_Gurdaspur,PB_Pathankot
PB_Hoshiarpur,PB_Jalandhar
PB_Hoshiarpur,PB_Kapurthala
PB_Hoshiarpur,PB_Rupnagar
PB_Hoshiarpur,PB_Shahid Bhagat Singh Nagar
PB_Jalandhar,PB_Kapurthala
PB_Jalandhar,PB_Ludhiana
PB_Jalandhar,PB_Moga
PB_Jalandhar,PB_Shahid Bhagat Singh Nagar
PB_Kapurthala,PB_Shahid Bhagat Singh Nagar
PB_Kapurthala,PB_Tarn Taran
PB_Ludhiana,PB_Moga
PB_Ludhiana,PB_Rupnagar
PB_Ludhiana,PB_Sangrur
PB_Ludhiana,PB_Shahid Bhagat Singh Nagar
PB_Mansa,PB_Sangrur
PB_Patiala,PB_S.A.S. Nagar
PB_Patiala,PB_Sangrur
PB_Rupnagar,PB_S.A.S. Nagar
PB_Rupnagar,PB_Shahid Bhagat Singh Nagar
PB_Sri Muktsar Sahib,RJ_Hanumangarh
PY_Karaikal,TN_Nagapattinam
PY_Karaikal,TN_Thiruvarur
PY_Puducherry,TN_Cuddalore
PY_Puducherry,TN_Viluppuram
RJ_Ajmer,RJ_Bhilwara
RJ_Ajmer,RJ_Jaipur
RJ_Ajmer,RJ_Nagaur
RJ_Ajmer,RJ_Pali
RJ_Ajmer,RJ_Rajsamand
RJ_Ajmer,RJ_Tonk
RJ_Alwar,RJ_Bharatpur
RJ_Alwar,RJ_Dausa
RJ_Alwar,RJ_Jaipur
RJ_Banswara,RJ_Dungarpur
RJ_Banswara,RJ_Pratapgarh
RJ_Baran,RJ_Jhalawar
RJ_Baran,RJ_Kota
RJ_Barmer,RJ_Jaisalmer
RJ_Barmer,RJ_Jalore
RJ_Barmer,RJ_Jodhpur
RJ_Barmer,RJ_Pali
RJ_Bharatpur,RJ_Dausa
RJ_Bharatpur,RJ_Dholpur
RJ_Bharatpur,RJ_Karauli
RJ_Bharatpur,UP_Agra
RJ_Bharatpur,UP_Mathura
RJ_Bhilwara,RJ_Bundi
RJ_Bhilwara,RJ_Chittorgarh
RJ_Bhilwara,RJ_Rajsamand
RJ_Bhilwara,RJ_Tonk
RJ_Bikaner,RJ_Churu
RJ_Bikaner,RJ_Ganganagar
RJ_Bikaner,RJ_Hanumangarh
RJ_Bikaner,RJ_Jaisalmer
RJ_Bikaner,RJ_Jodhpur
RJ_Bikaner,RJ_Nagaur
RJ_Bundi,RJ_Chittorgarh
RJ_Bundi,RJ_Kota
RJ_Bundi,RJ_Sawai Madhopur
RJ_Bundi,RJ_Tonk
RJ_Chittorgarh,RJ_Kota
RJ_Chittorgarh,RJ_Pratapgarh
RJ_Chittorgarh,RJ_Rajsamand
RJ_Chittorgarh,RJ_Udaipur
RJ_Churu,RJ_Hanumangarh
RJ_Churu,RJ_Jhunjhunu
RJ_Churu,RJ_Nagaur
RJ_Churu,RJ_Sikar
RJ_Dausa,RJ_Jaipur
RJ_Dausa,RJ_Karauli
RJ_Dausa,RJ_Sawai Madhopur
RJ_Dausa,RJ_Tonk
RJ_Dholpur,RJ_Karauli
RJ_Dholpur,UP_Agra
RJ_Dungarpur,RJ_Pratapgarh
RJ_Dungarpur,RJ_Udaipur
RJ_Ganganagar,RJ_Hanumangarh
RJ_Jaipur,RJ_Nagaur
RJ_Jaipur,RJ_Sikar
RJ_Jaipur,RJ_Tonk
RJ_Jaisalmer,RJ_Jodhpur
RJ_Jalore,RJ_Pali
RJ_Jalore,RJ_Sirohi
RJ_Jhalawar,RJ_Kota
RJ_Jhunjhunu,RJ_Sikar
RJ_Jodhpur,RJ_Nagaur
RJ_Jodhpur,RJ_Pali
RJ_Karauli,RJ_Sawai Madhopur
RJ_Kota,RJ_Sawai Madhopur
RJ_Nagaur,RJ_Pali
RJ_Nagaur,RJ_Sikar
RJ_Pali,RJ_Rajsamand
RJ_Pali,RJ_Sirohi
RJ_Pali,RJ_Udaipur
RJ_Pratapgarh,RJ_Udaipur
RJ_Rajsamand,RJ_Udaipur
RJ_Sawai Madhopur,RJ_Tonk
RJ_Sirohi,RJ_Udaipur
SK_East Sikkim,SK_North Sikkim
SK_East Sikkim,SK_South Sikkim
SK_East Sikkim,WB_Kalimpong
SK_North Sikkim,SK_South Sikkim
SK_North Sikkim,SK_West Sikkim
SK_South Sikkim,SK_West Sikkim
SK_South Sikkim,WB_Darjeeling
SK_South Sikkim,WB_Kalimpong
SK_West Sikkim,WB_Darjeeling
TG_Adilabad,TG_Komaram Bheem
TG_Adilabad,TG_Nirmal
TG_Bhadradri Kothagudem,TG_Khammam
TG_Bhadradri Kothagudem,TG_Mahabubabad
TG_Bhadradri Kothagudem,TG_Mulugu
TG_Hyderabad,TG_Medchal Malkajgiri
TG_Hyderabad,TG_Ranga Reddy
TG_Jagtial,TG_Karimnagar
TG_Jagtial,TG_Mancherial
TG_Jagtial,TG_Nirmal
TG_Jagtial,TG_Nizamabad
TG_Jagtial,TG_Peddapalli
TG_Jagtial,TG_Rajanna Sircilla
TG_Jangaon,TG_Mahabubabad
TG_Jangaon,TG_Siddipet
TG_Jangaon,TG_Suryapet
TG_Jangaon,TG_Warangal Rural
TG_Jangaon,TG_Warangal Urban
TG_Jangaon,TG_Yadadri Bhuvanagiri
TG_Jayashankar Bhupalapally,TG_Karimnagar
TG_Jayashankar Bhupalapally,TG_Mancherial
TG_Jayashankar Bhupalapally,TG_Mulugu
TG_Jayashankar Bhupalapally,TG_Peddapalli
TG_Jayashankar Bhupalapally,TG_Warangal Rural
TG_Jayashankar Bhupalapally,TG_Warangal Urban
TG_Jogulamba Gadwal,TG_Narayanpet
TG_Jogulamba Gadwal,TG_Wanaparthy
TG_Kamareddy,TG_Medak
TG_Kamareddy,TG_Nizamabad
TG_Kamareddy,TG_Rajanna Sircilla
TG_Kamareddy,TG_Sangareddy
TG_Kamareddy,TG_Siddipet
TG_Karimnagar,TG_Peddapalli
TG_Karimnagar,TG_Rajanna Sircilla
TG_Karimnagar,TG_Siddipet
TG_Karimnagar,TG_Warangal Urban
TG_Khammam,TG_Mahabubabad
TG_Khammam,TG_Suryapet
TG_Komaram Bheem,TG_Mancherial
TG_Komaram Bheem,TG_Nirmal
TG_Mahabubabad,TG_Mulugu
TG_Mahabubabad,TG_Suryapet
TG_Mahabubabad,TG_Warangal Rural
TG_Mahabubnagar,TG_Nagarkurnool
TG_Mahabubnagar,TG_Narayanpet
TG_Mahabubnagar,TG_Ranga Reddy
TG_Mahabubnagar,TG_Vikarabad
TG_Mahabubnagar,TG_Wanaparthy
TG_Mancherial,TG_Nirmal
TG_Mancherial,TG_Peddapalli
TG_Medak,TG_Medchal Malkajgiri
TG_Medak,TG_Sangareddy
TG_Medak,TG_Siddipet
TG_Medchal Malkajgiri,TG_Ranga Reddy
TG_Medchal Malkajgiri,TG_Sangareddy
TG_Medchal Malkajgiri,TG_Siddipet
TG_Medchal Malkajgiri,TG_Yadadri Bhuvanagiri
TG_Mulugu,TG_Warangal Rural
TG_Nagarkurnool,TG_Nalgonda
TG_Nagarkurnool,TG_Ranga Reddy
TG_Nagarkurnool,TG_Wanaparthy
TG_Nalgonda,TG_Ranga Reddy
TG_Nalgonda,TG_Suryapet
TG_Nalgonda,TG_Yadadri Bhuvanagiri
TG_Narayanpet,TG_Vikarabad
TG_Narayanpet,TG_Wanaparthy
TG_Nirmal,TG_Nizamabad
TG_Nizamabad,TG_Rajanna Sircilla
TG_Rajanna Sircilla,TG_Siddipet
TG_Ranga Reddy,TG_Sangareddy
TG_Ranga Reddy,TG_Vikarabad
TG_Ranga Reddy,TG_Yadadri Bhuvanagiri
TG_Sangareddy,TG_Vikarabad
TG_Siddipet,TG_Warangal Urban
TG_Siddipet,TG_Yadadri Bhuvanagiri
TG_Suryapet,TG_Yadadri Bhuvanagiri
TG_Warangal Rural,TG_Warangal Urban
TN_Ariyalur,TN_Cuddalore
TN_Ariyalur,TN_Perambalur
TN_Ariyalur,TN_Thanjavur
TN_Ariyalur,TN_Tiruchirappalli
TN_Chennai,TN_Kancheepuram
TN_Chennai,TN_Thiruvallur
TN_Coimbatore,TN_Erode
TN_Coimbatore,TN_Nilgiris
TN_Coimbatore,TN_Tiruppur
TN_Cuddalore,TN_Kallakurichi
TN_Cuddalore,TN_Nagapattinam
TN_Cuddalore,TN_Perambalur
TN_Cuddalore,TN_Thanjavur
TN_Cuddalore,TN_Viluppuram
TN_Dharmapuri,TN_Erode
TN_Dharmapuri,TN_Kallakurichi
TN_Dharmapuri,TN_Krishnagiri
TN_Dharmapuri,TN_Salem
TN_Dharmapuri,TN_Tiruvannamalai
TN_Dindigul,TN_Karur
TN_Dindigul,TN_Madurai
TN_Dindigul,TN_Theni
TN_Dindigul,TN_Tiruchirappalli
TN_Dindigul,TN_Tiruppur
TN_Erode,TN_Karur
TN_Erode,TN_Namakkal
TN_Erode,TN_Nilgiris
TN_Erode,TN_Salem
TN_Erode,TN_Tiruppur
TN_Kallakurichi,TN_Perambalur
TN_Kallakurichi,TN_Salem
TN_Kallakurichi,TN_Tiruvannamalai
TN_Kallakurichi,TN_Viluppuram
TN_Kancheepuram,TN_Thiruvallur
TN_Kancheepuram,TN_Tiruvannamalai
TN_Kancheepuram,TN_Vellore
TN_Kancheepuram,TN_Viluppuram
TN_Kanyakumari,TN_Tirunelveli
TN_Karur,TN_Namakkal
TN_Karur,TN_Tiruchirappalli
TN_Karur,TN_Tiruppur
TN_Krishnagiri,TN_Tiruvannamalai
TN_Krishnagiri,TN_Vellore
TN_Madurai,TN_Sivaganga
TN_Madurai,TN_Theni
TN_Madurai,TN_Tiruchirappalli
TN_Madurai,TN_Virudhunagar
TN_Nagapattinam,TN_Thanjavur
TN_Nagapattinam,TN_Thiruvarur
TN_Namakkal,TN_Salem
TN_Namakkal,TN_Tiruchirappalli
TN_Perambalur,TN_Salem
TN_Perambalur,TN_Tiruchirappalli
TN_Pudukkottai,TN_Ramanathapuram
TN_Pudukkottai,TN_Sivaganga
TN_Pudukkottai,TN_Thanjavur
TN_Pudukkottai,TN_Tiruchirappalli
TN_Ramanathapuram,TN_Sivaganga
TN_Ramanathapuram,TN_Thoothukkudi
TN_Ramanathapuram,TN_Virudhunagar
TN_Salem,TN_Tiruchirappalli
TN_Sivaganga,TN_Tiruchirappalli
TN_Sivaganga,TN_Virudhunagar
TN_Thanjavur,TN_Thiruvarur
TN_Thanjavur,TN_Tiruchirappalli
TN_Theni,TN_Virudhunagar
TN_Thiruvallur,TN_Vellore
TN_Thoothukkudi,TN_Tirunelveli
TN_Thoothukkudi,TN_Virudhunagar
TN_Tirunelveli,TN_Virudhunagar
TN_Tiruvannamalai,TN_Vellore
TN_Tiruvannamalai,TN_Viluppuram
TR_Dhalai,TR_Gomati
TR_Dhalai,TR_Khowai
TR_Dhalai,TR_North Tripura
TR_Dhalai,TR_Unokoti
TR_Gomati,TR_Khowai
TR_Gomati,TR_Sipahijala
TR_Gomati,TR_South Tripura
TR_Khowai,TR_Sipahijala
TR_Khowai,TR_West Tripura
TR_North Tripura,TR_Unokoti
TR_Sipahijala,TR_South Tripura
TR_Sipahijala,TR_West Tripura
UP_Agra,UP_Etah
UP_Agra,UP_Etawah
UP_Agra,UP_Firozabad
UP_Agra,UP_Hathras
UP_Agra,UP_Mathura
UP_Aligarh,UP_Budaun
UP_Aligarh,UP_Bulandshahr
UP_Aligarh,UP_Gautam Buddha Nagar
UP_Aligarh,UP_Hathras
UP_Aligarh,UP_Kasganj
UP_Aligarh,UP_Mathura
UP_Aligarh,UP_Sambhal
UP_Ambedkar Nagar,UP_Ayodhya
UP_Ambedkar Nagar,UP_Azamgarh
UP_Ambedkar Nagar,UP_Basti
UP_Ambedkar Nagar,UP_Gorakhpur
UP_Ambedkar Nagar,UP_Sant Kabir Nagar
UP_Ambedkar Nagar,UP_Sultanpur
UP_Amethi,UP_Ayodhya
UP_Amethi,UP_Barabanki
UP_Amethi,UP_Pratapgarh
UP_Amethi,UP_Rae Bareli
UP_Amethi,UP_Sultanpur
UP_Amroha,UP_Bijnor
UP_Amroha,UP_Bulandshahr
UP_Amroha,UP_Hapur
UP_Amroha,UP_Meerut
UP_Amroha,UP_Moradabad
UP_Amroha,UP_Sambhal
UP_Auraiya,UP_Etawah
UP_Auraiya,UP_Jalaun
UP_Auraiya,UP_Kannauj
UP_Auraiya,UP_Kanpur Dehat
UP_Ayodhya,UP_Barabanki
UP_Ayodhya,UP_Basti
UP_Ayodhya,UP_Gonda
UP_Ayodhya,UP_Sultanpur
UP_Azamgarh,UP_Ghazipur
UP_Azamgarh,UP_Gorakhpur
UP_Azamgarh,UP_Jaunpur
UP_Azamgarh,UP_Mau
UP_Azamgarh,UP_Sultanpur
UP_Baghpat,UP_Ghaziabad
UP_Baghpat,UP_Meerut
UP_Baghpat,UP_Muzaffarnagar
UP_Baghpat,UP_Shamli
UP_Bahraich,UP_Barabanki
UP_Bahraich,UP_Gonda
UP_Bahraich,UP_Shrawasti
UP_Bahraich,UP_Sitapur
UP_Ballia,UP_Deoria
UP_Ballia,UP_Ghazipur
UP_Ballia,UP_Mau
UP_Balrampur,UP_Gonda
UP_Balrampur,UP_Shrawasti
UP_Balrampur,UP_Siddharthnagar
UP_Banda,UP_Chitrakoot
UP_Banda,UP_Fatehpur
UP_Banda,UP_Hamirpur
UP_Banda,UP_Mahoba
UP_Barabanki,UP_Gonda
UP_Barabanki,UP_Lucknow
UP_Barabanki,UP_Rae Bareli
UP_Barabanki,UP_Sitapur
UP_Bareilly,UP_Budaun
UP_Bareilly,UP_Pilibhit
UP_Bareilly,UP_Rampur
UP_Bareilly,UP_Shahjahanpur
UP_Bareilly,UT_Udham Singh Nagar
UP_Basti,UP_Gonda
UP_Basti,UP_Sant Kabir Nagar
UP_Basti,UP_Siddharthnagar
UP_Bhadohi,UP_Jaunpur
UP_Bhadohi,UP_Mirzapur
UP_Bhadohi,UP_Prayagraj
UP_Bhadohi,UP_Varanasi
UP_Bijnor,UP_Meerut
UP_Bijnor,UP_Moradabad
UP_Bijnor,UP_Muzaffarnagar
UP_Bijnor,UT_Haridwar
UP_Bijnor,UT_Nainital
UP_Bijnor,UT_Pauri Garhwal
UP_Bijnor,UT_Udham Singh Nagar
UP_Budaun,UP_Farrukhabad
UP_Budaun,UP_Kasganj
UP_Budaun,UP_Moradabad
UP_Budaun,UP_Rampur
UP_Budaun,UP_Sambhal
UP_Budaun,UP_Shahjahanpur
UP_Bulandshahr,UP_Gautam Buddha Nagar
UP_Bulandshahr,UP_Hapur
UP_Bulandshahr,UP_Sambhal
UP_Chandauli,UP_Ghazipur
UP_Chandauli,UP_Mirzapur
UP_Chandauli,UP_Sonbhadra
UP_Chandauli,UP_Varanasi
UP_Chitrakoot,UP_Fatehpur
UP_Chitrakoot,UP_Kaushambi
UP_Chitrakoot,UP_Prayagraj
UP_Deoria,UP_Gorakhpur
UP_Deoria,UP_Kushinagar
UP_Deoria,UP_Mau
UP_Etah,UP_Farrukhabad
UP_Etah,UP_Firozabad
UP_Etah,UP_Hathras
UP_Etah,UP_Kasganj
UP_Etah,UP_Mainpuri
UP_Etawah,UP_Firozabad
UP_Etawah,UP_Jalaun
UP_Etawah,UP_Kannauj
UP_Etawah,UP_Mainpuri
UP_Farrukhabad,UP_Hardoi
UP_Farrukhabad,UP_Kannauj
UP_Farrukhabad,UP_Kasganj
UP_Farrukhabad,UP_Mainpuri
UP_Farrukhabad,UP_Shahjahanpur
UP_Fatehpur,UP_Hamirpur
UP_Fatehpur,UP_Kanpur Nagar
UP_Fatehpur,UP_Kaushambi
UP_Fatehpur,UP_Pratapgarh
UP_Fatehpur,UP_Rae Bareli
UP_Fatehpur,UP_Unnao
UP_Firozabad,UP_Mainpuri
UP_Gautam Buddha Nagar,UP_Ghaziabad
UP_Gautam Buddha Nagar,UP_Hapur
UP_Ghaziabad,UP_Hapur
UP_Ghaziabad,UP_Meerut
UP_Ghazipur,UP_Jaunpur
UP_Ghazipur,UP_Mau
UP_Ghazipur,UP_Varanasi
UP_Gonda,UP_Shrawasti
UP_Gonda,UP_Siddharthnagar
UP_Gorakhpur,UP_Kushinagar
UP_Gorakhpur,UP_Maharajganj
UP_Gorakhpur,UP_Mau
UP_Gorakhpur,UP_Sant Kabir Nagar
UP_Gorakhpur,UP_Siddharthnagar
UP_Hamirpur,UP_Jalaun
UP_Hamirpur,UP_Jhansi
UP_Hamirpur,UP_Kanpur Dehat
UP_Hamirpur,UP_Kanpur Nagar
UP_Hamirpur,UP_Mahoba
UP_Hapur,UP_Meerut
UP_Hardoi,UP_Kannauj
UP_Hardoi,UP_Kanpur Nagar
UP_Hardoi,UP_Lucknow
UP_Hardoi,UP_Shahjahanpur
UP_Hardoi,UP_Sitapur
UP_Hardoi,UP_Unnao
UP_Hathras,UP_Kasganj
UP_Hathras,UP_Mathura
UP_Jalaun,UP_Jhansi
UP_Jalaun,UP_Kanpur Dehat
UP_Jaunpur,UP_Pratapgarh
UP_Jaunpur,UP_Prayagraj
UP_Jaunpur,UP_Sultanpur
UP_Jaunpur,UP_Varanasi
UP_Jhansi,UP_Lalitpur
UP_Jhansi,UP_Mahoba
UP_Kannauj,UP_Kanpur Dehat
UP_Kannauj,UP_Kanpur Nagar
UP_Kannauj,UP_Mainpuri
UP_Kanpur Dehat,UP_Kanpur Nagar
UP_Kanpur Nagar,UP_Unnao
UP_Kaushambi,UP_Pratapgarh
UP_Kaushambi,UP_Prayagraj
UP_Kaushambi,UP_Rae Bareli
UP_Kushinagar,UP_Maharajganj
UP_Lucknow,UP_Rae Bareli
UP_Lucknow,UP_Sitapur
UP_Lucknow,UP_Unnao
UP_Maharajganj,UP_Siddharthnagar
UP_Meerut,UP_Muzaffarnagar
UP_Mirzapur,UP_Prayagraj
UP_Mirzapur,UP_Sonbhadra
UP_Mirzapur,UP_Varanasi
UP_Moradabad,UP_Rampur
UP_Moradabad,UP_Sambhal
UP_Moradabad,UT_Udham Singh Nagar
UP_Muzaffarnagar,UP_Saharanpur
UP_Muzaffarnagar,UP_Shamli
UP_Muzaffarnagar,UT_Haridwar
UP_Pilibhit,UP_Shahjahanpur
UP_Pilibhit,UT_Udham Singh Nagar
UP_Pratapgarh,UP_Prayagraj
UP_Pratapgarh,UP_Rae Bareli
UP_Pratapgarh,UP_Sultanpur
UP_Rae Bareli,UP_Unnao
UP_Rampur,UT_Udham Singh Nagar
UP_Saharanpur,UP_Shamli
UP_Saharanpur,UT_Dehradun
UP_Saharanpur,UT_Haridwar
UP_Sant Kabir Nagar,UP_Siddharthnagar
UT_Almora,UT_Bageshwar
UT_Almora,UT_Chamoli
UT_Almora,UT_Champawat
UT_Almora,UT_Nainital
UT_Almora,UT_Pauri Garhwal
UT_Almora,UT_Pithoragarh
UT_Bageshwar,UT_Chamoli
UT_Bageshwar,UT_Pithoragarh
UT_Chamoli,UT_Pauri Garhwal
UT_Chamoli,UT_Pithoragarh
UT_Chamoli,UT_Rudraprayag
UT_Chamoli,UT_Uttarkashi
UT_Champawat,UT_Nainital
UT_Champawat,UT_Pithoragarh
UT_Champawat,UT_Udham Singh Nagar
UT_Dehradun,UT_Haridwar
UT_Dehradun,UT_Pauri Garhwal
UT_Dehradun,UT_Tehri Garhwal
UT_Dehradun,UT_Uttarkashi
UT_Haridwar,UT_Pauri Garhwal
UT_Nainital,UT_Pauri Garhwal
UT_Nainital,UT_Udham Singh Nagar
UT_Pauri Garhwal,UT_Rudraprayag
UT_Pauri Garhwal,UT_Tehri Garhwal
UT_Rudraprayag,UT_Tehri Garhwal
UT_Rudraprayag,UT_Uttarkashi
UT_Tehri Garhwal,UT_Uttarkashi
WB_Alipurduar,WB_Cooch Behar
WB_Alipurduar,WB_Jalpaiguri
WB_Bankura,WB_Hooghly
WB_Bankura,WB_Jhargram
WB_Bankura,WB_Paschim Bardhaman
WB_Bankura,WB_Paschim Medinipur
WB_Bankura,WB_Purba Bardhaman
WB_Bankura,WB_Purulia
WB_Birbhum,WB_Murshidabad
WB_Birbhum,WB_Paschim Bardhaman
WB_Birbhum,WB_Purba Bardhaman
WB_Cooch Behar,WB_Jalpaiguri
WB_Dakshin Dinajpur,WB_Malda
WB_Dakshin Dinajpur,WB_Uttar Dinajpur
WB_Darjeeling,WB_Jalpaiguri
WB_Darjeeling,WB_Kalimpong
WB_Darjeeling,WB_Uttar Dinajpur
WB_Hooghly,WB_Howrah
WB_Hooghly,WB_Nadia
WB_Hooghly,WB_North 24 Parganas
WB_Hooghly,WB_Paschim Medinipur
WB_Hooghly,WB_Purba Bardhaman
WB_Howrah,WB_Kolkata
WB_Howrah,WB_North 24 Parganas
WB_Howrah,WB_Paschim Medinipur
WB_Howrah,WB_Purba Medinipur
WB_Howrah,WB_South 24 Parganas
WB_Jalpaiguri,WB_Kalimpong
WB_Jhargram,WB_Paschim Medinipur
WB_Jhargram,WB_Purulia
WB_Kolkata,WB_North 24 Parganas
WB_Kolkata,WB_South 24 Parganas
WB_Malda,WB_Murshidabad
WB_Malda,WB_Uttar Dinajpur
WB_Murshidabad,WB_Nadia
WB_Murshidabad,WB_Purba Bardhaman
WB_Nadia,WB_North 24 Parganas
WB_Nadia,WB_Purba Bardhaman
WB_North 24 Parganas,WB_South 24 Parganas
WB_Paschim Bardhaman,WB_Purba Bardhaman
WB_Paschim Bardhaman,WB_Purulia
WB_Paschim Medinipur,WB_Purba Medinipur
WB_Purba Medinipur,WB_South 24 Parganas
