districtid,dose1,dose2
AN_Nicobars,21997.0,8046.0
AN_North and Middle Andaman,64826.0,28854.0
AN_South Andaman,136931.0,59084.0
AP_Anantapur,1299214.0,571164.0
AP_Chittoor,1464566.0,640753.0
AP_East Godavari,1881778.0,546816.0
AP_Guntur,1709624.0,571534.0
AP_Krishna,1721065.0,547797.0
AP_Kurnool,1189983.0,479770.0
AP_Prakasam,1211101.0,507244.0
AP_S.P.S. Nellore,1142085.0,523810.0
AP_Srikakulam,1024263.0,334773.0
AP_Visakhapatnam,1787851.0,603149.0
AP_Vizianagaram,891923.0,216682.0
AP_West Godavari,1614683.0,427762.0
AP_Y.S.R. Kadapa,1036297.0,392136.0
AR_Anjaw,10920.0,2529.0
AR_Changlang,75400.0,16493.0
AR_East Kameng,20257.0,5972.0
AR_East Siang,51273.0,15895.0
AR_Kamle,6121.0,1412.0
AR_Kra Daadi,5828.0,1625.0
AR_Kurung Kumey,8574.0,2837.0
AR_Lepa Rada,12953.0,4903.0
AR_Lohit,27785.0,6566.0
AR_Longding,17955.0,3219.0
AR_Lower Dibang Valley,29572.0,8012.0
AR_Lower Siang,15566.0,4506.0
AR_Lower Subansiri,24740.0,7858.0
AR_Namsai,57616.0,12282.0
AR_Pakke Kessang,7585.0,2965.0
AR_Papum Pare,9445128090.0,277749565.0
AR_Shi Yomi,6712.0,2213.0
AR_Siang,13867.0,4173.0
AR_Tawang,27653.0,9069.0
AR_Tirap,28938.0,5453.0
AR_Upper Dibang Valley,3909.0,1211.0
AR_Upper Siang,17417.0,6264.0
AR_Upper Subansiri,22943.0,7057.0
AR_West Kameng,49593.0,13463.0
AR_West Siang,32514.0,12193.0
AS_Baksa,248230.0,42096.0
AS_Barpeta,480917.0,129694.0
AS_Biswanath,331658.0,48942.0
AS_Bongaigaon,254783.0,54939.0
AS_Cachar,468222.0,97153.0
AS_Charaideo,189001.0,30154.0
AS_Chirang,146569.0,32078.0
AS_Darrang,263630.0,55307.0
AS_Dhemaji,262153.0,51486.0
AS_Dhubri,311362.0,71593.0
AS_Dibrugarh,534685.0,133453.0
AS_Dima Hasao,81618.0,21458.0
AS_Goalpara,276883.0,51002.0
AS_Golaghat,472946.0,81822.0
AS_Hailakandi,221080.0,42345.0
AS_Hojai,283041.0,66730.0
AS_Jorhat,474291.0,97634.0
AS_Kamrup,568408.0,136501.0
AS_Kamrup Metropolitan,1011704.0,294968.0
AS_Karbi Anglong,145613.0,36308.0
AS_Karimganj,271054.0,58083.0
AS_Kokrajhar,247341.0,49481.0
AS_Lakhimpur,415607.0,67990.0
AS_Majuli,99474.0,27749.0
AS_Morigaon,335529.0,48566.0
AS_Nagaon,585262.0,126587.0
AS_Nalbari,249179.0,49787.0
AS_Sivasagar,336556.0,63249.0
AS_Sonitpur,552272.0,126485.0
AS_South Salmara Mankachar,139804.0,7998.0
AS_Tinsukia,378882.0,79055.0
AS_Udalguri,207894.0,42511.0
AS_West Karbi Anglong,73701.0,12966.0
BR_Araria,545101.0,99455.0
BR_Arwal,206703.0,27705.0
BR_Aurangabad,524109.0,69232.0
BR_Banka,457827.0,74521.0
BR_Begusarai,694273.0,108830.0
BR_Bhagalpur,866257.0,165353.0
BR_Bhojpur,576004.0,97224.0
BR_Buxar,398486.0,72795.0
BR_Darbhanga,938674.0,178629.0
BR_East Champaran,1124629.0,199200.0
BR_Gaya,921305.0,196285.0
BR_Gopalganj,519386.0,79974.0
BR_Jamui,371204.0,57415.0
BR_Jehanabad,275919.0,51903.0
BR_Kaimur,335419.0,44006.0
BR_Katihar,606127.0,86976.0
BR_Khagaria,342841.0,53579.0
BR_Kishanganj,325669.0,48425.0
BR_Lakhisarai,214677.0,32917.0
BR_Madhepura,398870.0,67605.0
BR_Madhubani,916986.0,180976.0
BR_Munger,373850.0,63195.0
BR_Muzaffarpur,1030118.0,186526.0
BR_Nalanda,750717.0,165447.0
BR_Nawada,470290.0,82833.0
BR_Patna,2450857.0,827186.0
BR_Purnia,803233.0,154143.0
BR_Rohtas,653657.0,105602.0
BR_Saharsa,412519.0,74570.0
BR_Samastipur,894858.0,167188.0
BR_Saran,996551.0,206938.0
BR_Sheikhpura,162535.0,29108.0
BR_Sheohar,162928.0,36640.0
BR_Sitamarhi,692054.0,116004.0
BR_Siwan,864305.0,174317.0
BR_Supaul,443568.0,75197.0
BR_Vaishali,743450.0,130737.0
BR_West Champaran,785113.0,93904.0
CH_Chandigarh,717457.0,234115.0
CT_Balod,338297.0,103471.0
CT_Baloda Bazar,341423.0,80719.0
CT_Balrampur,193792.0,39025.0
CT_Bametara,175602.0,42790.0
CT_Bastar,267357.0,67862.0
CT_Bijapur,78956.0,27700.0
CT_Bilaspur,572769.0,188711.0
CT_Dakshin Bastar Dantewada,110740.0,34340.0
CT_Dhamtari,304604.0,87541.0
CT_Durg,606865.0,252175.0
CT_Gariaband,165149.0,37914.0
CT_Gaurela Pendra Marwahi,109361.0,21498.0
CT_Janjgir Champa,449295.0,131096.0
CT_Jashpur,261534.0,65043.0
CT_Kabeerdham,253440.0,61436.0
CT_Kondagaon,168969.0,32161.0
CT_Korba,415654.0,121016.0
CT_Koriya,180871.0,46937.0
CT_Mahasamund,456093.0,138495.0
CT_Mungeli,191691.0,47822.0
CT_Narayanpur,34648.0,11860.0
CT_Raigarh,896172.0,259155.0
CT_Raipur,1140430.0,378334.0
CT_Rajnandgaon,678443.0,166221.0
CT_Sukma,106078.0,32828.0
CT_Surajpur,228665.0,48258.0
CT_Surguja,332932.0,99651.0
CT_Uttar Bastar Kanker,241534.0,70075.0
DL_Central Delhi,802424.0,300073.0
DL_East Delhi,629096.0,227913.0
DL_New Delhi,636172.0,311749.0
DL_North Delhi,646665.0,218750.0
DL_North East Delhi,511413.0,159964.0
DL_North West Delhi,936103.0,375428.0
DL_Shahdara,548189.0,208890.0
DL_South Delhi,892298.0,332320.0
DL_South East Delhi,773330.0,297599.0
DL_South West Delhi,885340.0,352143.0
DL_West Delhi,824992.0,366846.0
DN_Dadra and Nagar Haveli,346064.0,39116.0
DN_Daman,209278.0,32872.0
DN_Diu,37865.0,12776.0
GA_North Goa,524258.0,152379.0
GA_South Goa,580025.0,163528.0
GJ_Ahmedabad,8598043212614.0,183987999658.0
GJ_Amreli,589217.0,216684.0
GJ_Anand,877188.0,294527.0
GJ_Aravalli,468214.0,178441.0
GJ_Banaskantha,1272383.0,468483.0
GJ_Bharuch,798974.0,219304.0
GJ_Bhavnagar,651585328081.0,192466130251.0
GJ_Botad,290857.0,60911.0
GJ_Chhota Udaipur,421772.0,149879.0
GJ_Dahod,693682.0,352431.0
GJ_Dang,68055.0,17545.0
GJ_Devbhumi Dwarka,394592.0,135517.0
GJ_Gandhinagar,583014317815.0,15359199996.0
GJ_Gir Somnath,517346.0,143289.0
GJ_Jamnagar,451625333399.0,140868112273.0
GJ_Junagadh,553674179374.0,19093468155.0
GJ_Kheda,846923.0,263282.0
GJ_Kutch,904737.0,261338.0
GJ_Mahisagar,430124.0,213544.0
GJ_Mehsana,950399.0,351253.0
GJ_Morbi,417008.0,102238.0
GJ_Narmada,283716.0,112611.0
GJ_Navsari,611971.0,228103.0
GJ_Panchmahal,653858.0,217709.0
GJ_Patan,552497.0,177645.0
GJ_Porbandar,309230.0,128266.0
GJ_Rajkot,789712918181.0,211876321204.0
GJ_Sabarkantha,669820.0,212611.0
GJ_Surat,7374662395036.0,188209771068.0
GJ_Surendranagar,724120.0,131643.0
GJ_Tapi,353482.0,106296.0
GJ_Vadodara,8245831237741.0,218018442973.0
GJ_Valsad,727256.0,266363.0
HP_Bilaspur,277406.0,96742.0
HP_Chamba,280087.0,75908.0
HP_Hamirpur,342388.0,134379.0
HP_Kangra,1011141.0,319056.0
HP_Kinnaur,73042.0,22825.0
HP_Kullu,270455.0,85189.0
HP_Lahaul and Spiti,25218.0,8645.0
HP_Mandi,649918.0,225652.0
HP_Shimla,529799.0,183884.0
HP_Sirmaur,291795.0,70410.0
HP_Solan,472902.0,112520.0
HP_Una,374147.0,123038.0
HR_Ambala,636428.0,248662.0
HR_Bhiwani,410020.0,98254.0
HR_Charkhi Dadri,304121.0,85377.0
HR_Faridabad,1022231.0,300253.0
HR_Fatehabad,317512.0,79411.0
HR_Gurugram,1523017.0,498199.0
HR_Hisar,487813.0,114907.0
HR_Jhajjar,377835.0,103310.0
HR_Jind,330625.0,77291.0
HR_Kaithal,324587.0,77664.0
HR_Karnal,535557.0,182254.0
HR_Kurukshetra,341629.0,103092.0
HR_Mahendragarh,351104.0,100588.0
HR_Nuh,152174.0,23736.0
HR_Palwal,346319.0,71955.0
HR_Panchkula,333437.0,121276.0
HR_Panipat,355139.0,108672.0
HR_Rewari,352551.0,121766.0
HR_Rohtak,376441.0,111704.0
HR_Sirsa,422396.0,116469.0
HR_Sonipat,561852.0,182726.0
HR_Yamunanagar,414360.0,133059.0
JH_Bokaro,462459.0,140900.0
JH_Chatra,256949.0,43253.0
JH_Deoghar,378763.0,76290.0
JH_Dhanbad,589207.0,196771.0
JH_Dumka,354907.0,70362.0
JH_East Singhbhum,757386.0,264873.0
JH_Garhwa,288612.0,58511.0
JH_Giridih,564875.0,94789.0
JH_Godda,373734.0,63145.0
JH_Gumla,273566.0,59720.0
JH_Hazaribagh,487068.0,110962.0
JH_Jamtara,237189.0,50745.0
JH_Khunti,152049.0,43742.0
JH_Koderma,258748.0,48123.0
JH_Latehar,167470.0,33319.0
JH_Lohardaga,135400.0,27209.0
JH_Pakur,231794.0,38232.0
JH_Palamu,504026.0,108372.0
JH_Ramgarh,268275.0,70216.0
JH_Ranchi,809581.0,258541.0
JH_Sahibganj,260033.0,42286.0
JH_Saraikela-Kharsawan,271146.0,65352.0
JH_Simdega,188615.0,31543.0
JH_West Singhbhum,366614.0,81929.0
JK_Anantnag,367628.0,95427.0
JK_Bandipora,147796.0,39371.0
JK_Baramulla,410761.0,115346.0
JK_Budgam,302146.0,95707.0
JK_Doda,196898.0,42308.0
JK_Ganderbal,136894.0,41958.0
JK_Jammu,696662.0,320676.0
JK_Kathua,299269.0,80039.0
JK_Kishtwar,103552.0,29192.0
JK_Kulgam,208080.0,59515.0
JK_Kupwara,356586.0,60436.0
JK_Pulwama,245404.0,69450.0
JK_Punch,248387.0,42642.0
JK_Rajouri,309200.0,57635.0
JK_Ramban,162997.0,46984.0
JK_Reasi,180756.0,36567.0
JK_Samba,186922.0,62710.0
JK_Shopiyan,118041.0,41772.0
JK_Srinagar,481608.0,126499.0
JK_Udhampur,303288.0,77231.0
KA_Bagalkote,661773.0,183714.0
KA_Ballari,959692.0,279088.0
KA_Belagavi,1574228.0,428026.0
KA_Bengaluru Rural,436974.0,116270.0
KA_Bengaluru Urban,7179113.0,2003178.0
KA_Bidar,592846.0,145860.0
KA_Chamarajanagara,392760.0,107722.0
KA_Chikkaballapura,506152.0,151444.0
KA_Chikkamagaluru,379492.0,165347.0
KA_Chitradurga,616563.0,206765.0
KA_Dakshina Kannada,980202.0,306080.0
KA_Davanagere,607965.0,150759.0
KA_Dharwad,716989.0,199068.0
KA_Gadag,367242.0,120785.0
KA_Hassan,669311.0,223929.0
KA_Haveri,450691.0,113209.0
KA_Kalaburagi,735656.0,179106.0
KA_Kodagu,233417.0,85029.0
KA_Kolar,677450.0,156430.0
KA_Koppal,481875.0,134871.0
KA_Mandya,724158.0,206559.0
KA_Mysuru,1413081.0,492464.0
KA_Raichur,563313.0,141372.0
KA_Ramanagara,478062.0,178683.0
KA_Shivamogga,646900.0,208441.0
KA_Tumakuru,1001126.0,269038.0
KA_Udupi,599805.0,219956.0
KA_Uttara Kannada,552126.0,192792.0
KA_Vijayapura,713434.0,176264.0
KA_Yadgir,353620.0,120690.0
KL_Alappuzha,942658.0,442367.0
KL_Ernakulam,2147367.0,731098.0
KL_Idukki,595512.0,209894.0
KL_Kannur,1141711.0,495455.0
KL_Kasaragod,612761.0,273772.0
KL_Kollam,1228763.0,493314.0
KL_Kottayam,1022253.0,412725.0
KL_Kozhikode,1425993.0,574168.0
KL_Malappuram,1304170.0,548936.0
KL_Palakkad,1146188.0,415527.0
KL_Pathanamthitta,850188.0,376581.0
KL_Thiruvananthapuram,1841466.0,731170.0
KL_Thrissur,1504710.0,607161.0
KL_Wayanad,573399.0,202071.0
LA_Kargil,82719.0,29442.0
LA_Leh,106541.0,42229.0
LD_Lakshadweep,51543.0,17549.0
MH_Ahmednagar,985791.0,385234.0
MH_Akola,428689.0,163267.0
MH_Amravati,674686.0,243789.0
MH_Aurangabad,968984.0,320595.0
MH_Beed,597782.0,182221.0
MH_Bhandara,445035.0,150134.0
MH_Buldhana,646752.0,223048.0
MH_Chandrapur,578384.0,168161.0
MH_Dhule,525931.0,162492.0
MH_Gadchiroli,284076.0,67158.0
MH_Gondia,550901.0,141931.0
MH_Hingoli,243010.0,57304.0
MH_Jalgaon,816149.0,257229.0
MH_Jalna,513423.0,150021.0
MH_Kolhapur,1263619.0,683564.0
MH_Latur,607135.0,196402.0
MH_Mumbai,6022834.0,2018482.0
MH_Nagpur,1929381.0,677297.0
MH_Nanded,672251.0,221335.0
MH_Nandurbar,424338.0,102504.0
MH_Nashik,1508794.0,529342.0
MH_Osmanabad,370399.0,123796.0
MH_Palghar,582804.0,207127.0
MH_Parbhani,440348.0,142033.0
MH_Pune,4969144.0,1708529.0
MH_Raigad,736481.0,227102.0
MH_Ratnagiri,417986.0,135591.0
MH_Sangli,966363.0,413151.0
MH_Satara,993932.0,416390.0
MH_Sindhudurg,291659.0,107447.0
MH_Solapur,797820.0,283405.0
MH_Thane,2817160.0,1029712.0
MH_Wardha,442442.0,143139.0
MH_Washim,383746.0,137550.0
MH_Yavatmal,656487.0,206777.0
ML_East Garo Hills,38286.0,9894.0
ML_East Jaintia Hills,53002.0,12648.0
ML_East Khasi Hills,285502.0,81252.0
ML_North Garo Hills,50343.0,10906.0
ML_Ribhoi,78765.0,16527.0
ML_South Garo Hills,30942.0,9042.0
ML_South West Garo Hills,61893.0,14733.0
ML_South West Khasi Hills,29987.0,5813.0
ML_West Garo Hills,188194.0,45253.0
ML_West Jaintia Hills,75936.0,20867.0
ML_West Khasi Hills,66400.0,21177.0
MN_Bishnupur,120636.0,20778.0
MN_Chandel,24884.0,7661.0
MN_Churachandpur,98346.0,23207.0
MN_Imphal East,238708.0,59771.0
MN_Imphal West,291269.0,68356.0
MN_Jiribam,25053.0,3722.0
MN_Kakching,76558.0,14769.0
MN_Kamjong,9606.0,1521.0
MN_Kangpokpi,35802.0,6916.0
MN_Noney,16056.0,4349.0
MN_Pherzawl,10464.0,3173.0
MN_Senapati,25162.0,4906.0
MN_Tamenglong,18319.0,4869.0
MN_Tengnoupal,23161.0,5021.0
MN_Thoubal,137044.0,26464.0
MN_Ukhrul,18793.0,5540.0
MP_Agar Malwa,257826.0,35189.0
MP_Alirajpur,236828.0,31312.0
MP_Anuppur,293936.0,42848.0
MP_Ashoknagar,319308.0,53328.0
MP_Balaghat,649863.0,114216.0
MP_Barwani,449993.0,61755.0
MP_Betul,656443.0,130797.0
MP_Bhind,591883.0,91803.0
MP_Bhopal,1611176.0,452797.0
MP_Burhanpur,320561.0,80212.0
MP_Chhatarpur,610722.0,94619.0
MP_Chhindwara,791435.0,151820.0
MP_Damoh,502232.0,68656.0
MP_Datia,340693.0,54310.0
MP_Dewas,660559.0,115595.0
MP_Dhar,772473.0,132187.0
MP_Dindori,298526.0,43184.0
MP_Guna,467000.0,71817.0
MP_Gwalior,1013793.0,245353.0
MP_Harda,338220.0,54889.0
MP_Hoshangabad,505218.0,110710.0
MP_Indore,2561856.0,679936.0
MP_Jabalpur,1282621.0,332911.0
MP_Jhabua,338285.0,50974.0
MP_Katni,470995.0,76491.0
MP_Khandwa,562678.0,91194.0
MP_Khargone,677285.0,109464.0
MP_Mandla,365288.0,54626.0
MP_Mandsaur,525955.0,89358.0
MP_Morena,675806.0,107231.0
MP_Narsinghpur,466152.0,81001.0
MP_Neemuch,377279.0,78795.0
MP_Panna,379204.0,38319.0
MP_Raisen,519356.0,79439.0
MP_Rajgarh,665951.0,99826.0
MP_Ratlam,619835.0,119494.0
MP_Rewa,843501.0,164925.0
MP_Sagar,1024155.0,223453.0
MP_Satna,720364.0,137641.0
MP_Sehore,677503.0,130337.0
MP_Seoni,525815.0,91026.0
MP_Shahdol,503546.0,75896.0
MP_Shajapur,405488.0,75137.0
MP_Sheopur,193309.0,26960.0
MP_Shivpuri,569639.0,79101.0
MP_Sidhi,383295.0,46190.0
MP_Singrauli,402009.0,57355.0
MP_Tikamgarh,522075.0,92019.0
MP_Ujjain,1098995.0,261616.0
MP_Umaria,243276.0,33802.0
MP_Vidisha,559223.0,99583.0
MZ_Aizawl,302967.0,100728.0
MZ_Champhai,69501.0,24902.0
MZ_Kolasib,44772.0,14106.0
MZ_Lawngtlai,39290.0,9826.0
MZ_Lunglei,86739.0,30272.0
MZ_Mamit,41945.0,12885.0
MZ_Saiha,32669.0,7847.0
MZ_Serchhip,40630.0,14693.0
NL_Dimapur,228618.0,48022.0
NL_Kiphire,12219.0,3530.0
NL_Kohima,97154.0,24733.0
NL_Longleng,19801.0,6026.0
NL_Mokokchung,65099.0,21603.0
NL_Mon,64477.0,17845.0
NL_Peren,17462.0,5512.0
NL_Phek,29267.0,9510.0
NL_Tuensang,34592.0,9319.0
NL_Wokha,32624.0,11975.0
NL_Zunheboto,35893.0,7862.0
OR_Angul,365237.0,81021.0
OR_Balangir,513573.0,91316.0
OR_Balasore,659057.0,260276.0
OR_Bargarh,420646.0,108396.0
OR_Bhadrak,523747.0,123675.0
OR_Boudh,129562.0,27985.0
OR_Cuttack,917886.0,276534.0
OR_Deogarh,113218.0,22592.0
OR_Dhenkanal,401160.0,91421.0
OR_Gajapati,192060.0,43130.0
OR_Ganjam,1512369.0,430521.0
OR_Jagatsinghpur,317751.0,116615.0
OR_Jajpur,517486.0,146257.0
OR_Jharsuguda,247030.0,54317.0
OR_Kalahandi,447579.0,122480.0
OR_Kandhamal,220929.0,55199.0
OR_Kendrapara,479045.0,131667.0
OR_Kendujhar,544012.0,118712.0
OR_Khordha,1471562.0,996750.0
OR_Koraput,503115.0,119384.0
OR_Malkangiri,173859.0,35531.0
OR_Mayurbhanj,637031.0,156630.0
OR_Nabarangapur,324457.0,57452.0
OR_Nayagarh,307190.0,82110.0
OR_Nuapada,256785.0,42251.0
OR_Puri,648176.0,161678.0
OR_Rayagada,312006.0,67317.0
OR_Sambalpur,527788.0,106357.0
OR_Subarnapur,227974.0,49078.0
OR_Sundargarh,669826.0,175531.0
PB_Amritsar,609210.0,184020.0
PB_Barnala,135983.0,34938.0
PB_Bathinda,293671.0,83021.0
PB_Faridkot,159400.0,51398.0
PB_Fatehgarh Sahib,189292.0,38862.0
PB_Fazilka,188302.0,45573.0
PB_Ferozepur,176943.0,44919.0
PB_Gurdaspur,509914.0,180627.0
PB_Hoshiarpur,714491.0,225129.0
PB_Jalandhar,786745.0,269598.0
PB_Kapurthala,223660.0,74512.0
PB_Ludhiana,1183520.0,370861.0
PB_Mansa,132288.0,29437.0
PB_Moga,231672.0,51691.0
PB_Pathankot,266018.0,83247.0
PB_Patiala,550226.0,144779.0
PB_Rupnagar,218405.0,47710.0
PB_S.A.S. Nagar,629832.0,186611.0
PB_Sangrur,293581.0,76074.0
PB_Shahid Bhagat Singh Nagar,204701.0,63394.0
PB_Sri Muktsar Sahib,238880.0,50858.0
PB_Tarn Taran,250406.0,57613.0
PY_Karaikal,93598.0,19088.0
PY_Mahe,30756.0,12915.0
PY_Puducherry,459501.0,117420.0
PY_Yanam,26240.0,5034.0
RJ_Ajmer,1229148.0,396249.0
RJ_Alwar,1420029.0,511499.0
RJ_Banswara,709599.0,185857.0
RJ_Baran,480317.0,123647.0
RJ_Barmer,988060.0,285530.0
RJ_Bharatpur,948225.0,233877.0
RJ_Bhilwara,921183.0,266044.0
RJ_Bikaner,983443.0,346007.0
RJ_Bundi,483045.0,155122.0
RJ_Chittorgarh,623687.0,179957.0
RJ_Churu,792102.0,239582.0
RJ_Dausa,659963.0,136029.0
RJ_Dholpur,487634.0,122257.0
RJ_Dungarpur,522946.0,132612.0
RJ_Ganganagar,707969.0,258525.0
RJ_Hanumangarh,717958.0,213965.0
RJ_Jaipur,2878676.0,974460.0
RJ_Jaisalmer,274067.0,76607.0
RJ_Jalore,696121.0,171400.0
RJ_Jhalawar,610192.0,139327.0
RJ_Jhunjhunu,904859.0,332687.0
RJ_Jodhpur,1452310.0,542683.0
RJ_Karauli,584348.0,140194.0
RJ_Kota,850425.0,308980.0
RJ_Nagaur,1319060.0,540278.0
RJ_Pali,771714.0,249462.0
RJ_Pratapgarh,365191.0,72126.0
RJ_Rajsamand,477512.0,114221.0
RJ_Sawai Madhopur,523785.0,132929.0
RJ_Sikar,1122938.0,429000.0
RJ_Sirohi,419211.0,137519.0
RJ_Tonk,592672.0,161135.0
RJ_Udaipur,1173032.0,356862.0
SK_East Sikkim,251612.0,77993.0
SK_North Sikkim,31729.0,9546.0
SK_South Sikkim,116697.0,36154.0
SK_West Sikkim,99762.0,31590.0
TG_Adilabad,100346.0,33971.0
TG_Bhadradri Kothagudem,266403.0,80264.0
TG_Hyderabad,2521884.0,889178.0
TG_Jagtial,202300.0,92176.0
TG_Jangaon,101693.0,43222.0
TG_Jayashankar Bhupalapally,138009.0,40546.0
TG_Jogulamba Gadwal,81596.0,26205.0
TG_Kamareddy,217615.0,91873.0
TG_Karimnagar,386683.0,159041.0
TG_Khammam,403586.0,103688.0
TG_Komaram Bheem,69751.0,23055.0
TG_Mahabubabad,184009.0,65475.0
TG_Mahabubnagar,158817.0,63471.0
TG_Mancherial,208132.0,64034.0
TG_Medak,172982.0,56748.0
TG_Medchal Malkajgiri,1528218.0,527613.0
TG_Mulugu,94577.0,28894.0
TG_Nagarkurnool,142622.0,52769.0
TG_Nalgonda,334019.0,79912.0
TG_Narayanpet,61576.0,16864.0
TG_Nirmal,165187.0,80110.0
TG_Nizamabad,290899.0,117029.0
TG_Peddapalli,278679.0,74360.0
TG_Rajanna Sircilla,153054.0,66239.0
TG_Ranga Reddy,1591967.0,525989.0
TG_Sangareddy,341893.0,115364.0
TG_Siddipet,295168.0,114786.0
TG_Suryapet,252137.0,77951.0
TG_Vikarabad,119454.0,41035.0
TG_Wanaparthy,89953.0,33789.0
TG_Warangal Rural,140158.0,33923.0
TG_Warangal Urban,481325.0,136999.0
TG_Yadadri Bhuvanagiri,247478.0,125323.0
TN_Ariyalur,182693.0,33737.0
TN_Chengalpattu,704617.0,189435.0
TN_Chennai,3143678.0,1160299.0
TN_Coimbatore,1516598.0,359789.0
TN_Cuddalore,558959.0,112075.0
TN_Dharmapuri,403993.0,66278.0
TN_Dindigul,557126.0,109983.0
TN_Erode,698593.0,127001.0
TN_Kallakurichi,304261.0,44264.0
TN_Kancheepuram,298525.0,45736.0
TN_Kanyakumari,531874.0,113565.0
TN_Karur,301425.0,52704.0
TN_Krishnagiri,584849.0,105925.0
TN_Madurai,774346.0,185183.0
TN_Nagapattinam,393463.0,57925.0
TN_Namakkal,516525.0,114375.0
TN_Nilgiris,386176.0,101670.0
TN_Perambalur,171435.0,30690.0
TN_Pudukkottai,425505.0,63417.0
TN_Ramanathapuram,390124.0,62931.0
TN_Ranipet,246185.0,43562.0
TN_Salem,996888.0,235545.0
TN_Sivaganga,355570.0,55594.0
TN_Tenkasi,309369.0,53528.0
TN_Thanjavur,578734.0,101004.0
TN_Theni,314545.0,51016.0
TN_Thiruvallur,707906.0,160329.0
TN_Thiruvarur,324266.0,44765.0
TN_Thoothukkudi,426466.0,79325.0
TN_Tiruchirappalli,768060.0,176420.0
TN_Tirunelveli,367791.0,71018.0
TN_Tirupathur,273407.0,56038.0
TN_Tiruppur,745228.0,130912.0
TN_Tiruvannamalai,589278.0,74607.0
TN_Vellore,398507.0,119756.0
TN_Viluppuram,428974.0,69055.0
TN_Virudhunagar,576166.0,129697.0
TR_Dhalai,249800.0,63381.0
TR_Gomati,267107.0,77255.0
TR_Khowai,186101.0,58036.0
TR_North Tripura,273201.0,88693.0
TR_Sipahijala,324689.0,104152.0
TR_South Tripura,297131.0,101161.0
TR_Unokoti,168676.0,48161.0
TR_West Tripura,658434.0,276429.0
UP_Agra,1152432.0,213583.0
UP_Aligarh,768801.0,148931.0
UP_Ambedkar Nagar,495498.0,77149.0
UP_Amethi,467093.0,92855.0
UP_Amroha,386515.0,65520.0
UP_Auraiya,294133.0,50331.0
UP_Ayodhya,551199.0,103079.0
UP_Azamgarh,1007604.0,155138.0
UP_Baghpat,467330.0,85636.0
UP_Bahraich,926339.0,127072.0
UP_Ballia,525157.0,114884.0
UP_Balrampur,539522.0,107043.0
UP_Banda,407796.0,48230.0
UP_Barabanki,753158.0,95610.0
UP_Bareilly,1039122.0,215045.0
UP_Basti,660069.0,97264.0
UP_Bhadohi,376391.0,62959.0
UP_Bijnor,846694.0,145824.0
UP_Budaun,524886.0,93150.0
UP_Bulandshahr,1011608.0,162130.0
UP_Chandauli,406744.0,59142.0
UP_Chitrakoot,255280.0,23806.0
UP_Deoria,619193.0,129867.0
UP_Etah,339957.0,50663.0
UP_Etawah,359179.0,62074.0
UP_Farrukhabad,373438.0,64140.0
UP_Fatehpur,570733.0,95254.0
UP_Firozabad,531662.0,82950.0
UP_Gautam Buddha Nagar,1422586.0,341681.0
UP_Ghaziabad,1352870.0,307232.0
UP_Ghazipur,825721.0,111387.0
UP_Gonda,986382.0,123061.0
UP_Gorakhpur,1228193.0,242565.0
UP_Hamirpur,313060.0,47778.0
UP_Hapur,353264.0,69907.0
UP_Hardoi,816279.0,99987.0
UP_Hathras,379257.0,66853.0
UP_Jalaun,415812.0,62254.0
UP_Jaunpur,939363.0,174806.0
UP_Jhansi,555917.0,111976.0
UP_Kannauj,378319.0,40233.0
UP_Kanpur Dehat,385792.0,57203.0
UP_Kanpur Nagar,1120314.0,278398.0
UP_Kasganj,280702.0,41976.0
UP_Kaushambi,293434.0,51640.0
UP_Kushinagar,686507.0,134343.0
UP_Lakhimpur Kheri,723081.0,93006.0
UP_Lalitpur,284352.0,33758.0
UP_Lucknow,1694011.0,529009.0
UP_Maharajganj,519635.0,94562.0
UP_Mahoba,302436.0,45474.0
UP_Mainpuri,365868.0,56332.0
UP_Mathura,700644.0,139117.0
UP_Mau,428524.0,88023.0
UP_Meerut,1188182.0,304438.0
UP_Mirzapur,696080.0,101739.0
UP_Moradabad,669441.0,143606.0
UP_Muzaffarnagar,685106.0,123190.0
UP_Pilibhit,464918.0,85882.0
UP_Pratapgarh,558576.0,102863.0
UP_Prayagraj,1142963.0,262353.0
UP_Rae Bareli,488699.0,78017.0
UP_Rampur,392523.0,75782.0
UP_Saharanpur,933648.0,187046.0
UP_Sambhal,369800.0,61822.0
UP_Sant Kabir Nagar,304873.0,52364.0
UP_Shahjahanpur,601926.0,99415.0
UP_Shamli,313164.0,63592.0
UP_Shrawasti,319389.0,34304.0
UP_Siddharthnagar,714236.0,100220.0
UP_Sitapur,752939.0,114050.0
UP_Sonbhadra,337898.0,73610.0
UP_Sultanpur,494973.0,102362.0
UP_Unnao,592277.0,106551.0
UP_Varanasi,1082486.0,276817.0
UT_Almora,313868.0,114016.0
UT_Bageshwar,175982.0,57085.0
UT_Chamoli,236245.0,82835.0
UT_Champawat,167605.0,54092.0
UT_Dehradun,1024269.0,387019.0
UT_Haridwar,865658.0,212865.0
UT_Nainital,548265.0,176055.0
UT_Pauri Garhwal,324293.0,123044.0
UT_Pithoragarh,243596.0,75793.0
UT_Rudraprayag,161837.0,45321.0
UT_Tehri Garhwal,302548.0,98836.0
UT_Udham Singh Nagar,764898.0,175163.0
UT_Uttarkashi,209190.0,70107.0
WB_Alipurduar,399332.0,156389.0
WB_Bankura,789045.0,304373.0
WB_Birbhum,977899.0,355370.0
WB_Cooch Behar,478275.0,206756.0
WB_Dakshin Dinajpur,388658.0,179045.0
WB_Darjeeling,745571.0,262521.0
WB_Hooghly,1395088.0,637099.0
WB_Howrah,1271310.0,455064.0
WB_Jalpaiguri,484924.0,149609.0
WB_Jhargram,243002.0,70290.0
WB_Kalimpong,144623.0,55022.0
WB_Kolkata,3728797.0,1343628.0
WB_Malda,698244.0,263251.0
WB_Murshidabad,1139516.0,486835.0
WB_Nadia,970508.0,422728.0
WB_North 24 Parganas,3109075.0,1018293.0
WB_Paschim Bardhaman,765573.0,255316.0
WB_Paschim Medinipur,924071.0,378455.0
WB_Purba Bardhaman,892841.0,455089.0
WB_Purba Medinipur,1486478.0,667908.0
WB_Purulia,559646.0,201195.0
WB_South 24 Parganas,1987696.0,786704.0
WB_Uttar Dinajpur,518137.0,168836.0
